site,fix_type,latitude,longitude,hacc,vacc,msl,sat_num,temp,volt,ts
UPMHN:2,15.490603536,120.564822936,0.0141,0.0100,62.3830,31,30.50,4.61*241031024947
UPMHN:2,15.490603485,120.564822937,0.0141,0.0100,62.3847,31,30.50,4.63*241031024949
UPMHN:2,15.490603468,120.564822944,0.0141,0.0100,62.3700,31,30.50,4.62*241031024951
UPMHN:2,15.490603448,120.564822958,0.0141,0.0100,62.3639,31,30.50,4.61*241031024953
UPMHN:2,15.490603513,120.564822945,0.0141,0.0100,62.3782,31,30.50,4.60*241031024955
UPMHN:2,15.490603476,120.564822927,0.0141,0.0100,62.3758,31,30.50,4.60*241031024957
UPMHN:2,15.490603449,120.564822953,0.0141,0.0100,62.3734,31,30.50,4.62*241031024959
UPMHN:2,15.490603478,120.564822934,0.0141,0.0100,62.3777,31,30.50,4.62*241031025001
UPMHN:2,15.490603520,120.564822927,0.0141,0.0107,62.3674,31,30.50,4.61*241031025003
UPMHN:2,15.490603501,120.564822937,0.0141,0.0102,62.3679,31,30.75,4.60*241031025005
UPMHN:2,15.490603494,120.564822918,0.0141,0.0100,62.3767,31,30.50,4.61*241031025007
UPMHN:2,15.490603503,120.564822872,0.0141,0.0100,62.3761,31,30.50,4.60*241031025009
UPMHN:2,15.490603455,120.564822861,0.0141,0.0100,62.3883,31,30.75,4.59*241031025011
UPMHN:2,15.490603530,120.564822872,0.0141,0.0100,62.3748,31,30.75,4.60*241031025013
UPMHN:2,15.490603529,120.564822849,0.0141,0.0100,62.3667,31,30.75,4.64*241031025015
UPMHN:2,15.490603510,120.564822842,0.0141,0.0100,62.3650,31,30.75,4.60*241031025017
UPMHN:2,15.490603512,120.564822825,0.0141,0.0100,62.3873,31,30.75,4.62*241031025019
UPMHN:2,15.490603510,120.564822780,0.0141,0.0100,62.3875,31,30.75,4.62*241031025021
UPMHN:2,15.490603479,120.564822769,0.0141,0.0100,62.3809,31,30.75,4.63*241031025023
UPMHN:2,15.490603555,120.564822723,0.0141,0.0100,62.3728,31,30.75,4.61*241031025025
UPMHN:2,15.490603512,120.564822740,0.0141,0.0101,62.3858,31,30.75,4.62*241031025027
UPMHN:2,15.490603509,120.564822742,0.0141,0.0115,62.3803,31,30.75,4.62*241031025029
UPMHN:2,15.490603496,120.564822762,0.0141,0.0100,62.3731,31,30.75,4.60*241031025031
UPMHN:2,15.490603497,120.564822751,0.0141,0.0100,62.3654,31,30.75,4.60*241031025033
UPMHN:2,15.490603461,120.564822793,0.0141,0.0100,62.3587,31,30.75,4.63*241031025035
UPMHN:2,15.490603480,120.564822829,0.0141,0.0100,62.3704,31,30.75,4.62*241031025037
UPMHN:2,15.490603494,120.564822816,0.0141,0.0100,62.3685,31,30.75,4.62*241031025039
UPMHN:2,15.490603500,120.564822807,0.0141,0.0100,62.3636,31,30.75,4.62*241031025041
UPMHN:2,15.490603452,120.564822807,0.0141,0.0100,62.3736,31,30.75,4.62*241031025043
UPMHN:2,15.490603494,120.564822802,0.0141,0.0100,62.3804,31,30.75,4.60*241031025045
UPMHN:2,15.490603517,120.564822784,0.0141,0.0100,62.3905,31,30.75,4.62*241031025047
UPMHN:2,15.490603463,120.564822803,0.0141,0.0100,62.3755,31,30.75,4.62*241031025049
UPMHN:2,15.490603494,120.564822775,0.0141,0.0100,62.3661,31,30.75,4.63*241031025051
UPMHN:2,15.490603469,120.564822813,0.0141,0.0100,62.3620,31,31.00,4.61*241031025053
UPMHN:2,15.490603476,120.564822812,0.0141,0.0100,62.3564,31,30.75,4.60*241031025055
UPMHN:2,15.490603443,120.564822851,0.0141,0.0100,62.3763,31,30.75,4.61*241031025057
UPMHN:2,15.490603461,120.564822855,0.0141,0.0100,62.3862,31,30.75,4.63*241031025059
UPMHN:2,15.490603446,120.564822836,0.0141,0.0100,62.3762,31,30.75,4.62*241031025101
UPMHN:2,15.490603455,120.564822850,0.0141,0.0100,62.3594,31,31.00,4.62*241031025103
UPMHN:2,15.490603443,120.564822863,0.0141,0.0100,62.3517,31,31.00,4.62*241031025105
UPMHN:2,15.490603432,120.564822787,0.0141,0.0100,62.3668,31,30.75,4.63*241031025107
UPMHN:2,15.490603466,120.564822790,0.0141,0.0100,62.3800,31,31.00,4.62*241031025109
UPMHN:2,15.490603464,120.564822788,0.0141,0.0100,62.3863,31,31.00,4.61*241031025111
UPMHN:2,15.490603503,120.564822752,0.0141,0.0100,62.3816,31,30.75,4.62*241031025113
UPMHN:2,15.490603462,120.564822774,0.0141,0.0100,62.3737,31,31.00,4.60*241031025115
UPMHN:2,15.490603493,120.564822773,0.0141,0.0100,62.3853,31,31.00,4.62*241031025117
UPMHN:2,15.490603524,120.564822745,0.0141,0.0100,62.3702,31,31.00,4.60*241031025119
UPMHN:2,15.490603473,120.564822750,0.0141,0.0100,62.3669,31,30.75,4.64*241031025121
UPMHN:2,15.490603477,120.564822762,0.0141,0.0100,62.3733,31,30.75,4.60*241031025123
UPMHN:2,15.490603525,120.564822725,0.0141,0.0100,62.3971,31,31.00,4.63*241031025125
UPMHN:2,15.490603517,120.564822721,0.0141,0.0100,62.3937,31,31.00,4.63*241031025127
UPMHN:2,15.490603485,120.564822699,0.0141,0.0100,62.3847,31,31.00,4.62*241031025129
UPMHN:2,15.490603517,120.564822741,0.0141,0.0100,62.3772,32,31.00,4.61*241031025131
UPMHN:2,15.490603565,120.564822750,0.0141,0.0107,62.3877,32,31.00,4.59*241031025133
UPMHN:2,15.490603572,120.564822749,0.0141,0.0109,62.3836,32,30.75,4.61*241031025135
UPMHN:2,15.490603449,120.564822761,0.0141,0.0100,62.3656,32,30.75,4.61*241031025137
UPMHN:2,15.490603515,120.564822746,0.0141,0.0100,62.3818,32,31.00,4.60*241031025139
UPMHN:2,15.490603526,120.564822735,0.0141,0.0100,62.3890,32,31.00,4.61*241031025141
UPMHN:2,15.490603466,120.564822770,0.0141,0.0100,62.3673,32,31.00,4.62*241031025143
UPMHN:2,15.490603469,120.564822798,0.0141,0.0100,62.3653,32,31.00,4.61*241031025145
UPMHN:2,15.490603491,120.564822816,0.0141,0.0100,62.3574,32,31.00,4.62*241031025147
UPMHN:2,15.490603503,120.564822786,0.0141,0.0100,62.3673,32,31.00,4.60*241031025149
UPMHN:2,15.490603494,120.564822780,0.0141,0.0100,62.3617,32,31.00,4.60*241031025151
UPMHN:2,15.490603488,120.564822767,0.0141,0.0100,62.3660,32,31.00,4.59*241031025153
UPMHN:2,15.490603529,120.564822754,0.0141,0.0100,62.3765,32,31.00,4.61*241031025155
UPMHN:2,15.490603518,120.564822703,0.0141,0.0100,62.3690,32,31.00,4.61*241031025157
UPMHN:2,15.490603474,120.564822676,0.0141,0.0100,62.3652,32,31.00,4.64*241031025159
UPMHN:2,15.490603510,120.564822706,0.0141,0.0100,62.3657,32,31.00,4.64*241031025201
UPMHN:2,15.490603533,120.564822755,0.0141,0.0100,62.3684,32,31.00,4.60*241031025203
UPMHN:2,15.490603536,120.564822733,0.0141,0.0100,62.3738,32,31.00,4.62*241031025205
UPMHN:2,15.490603516,120.564822708,0.0141,0.0100,62.3638,32,31.00,4.62*241031025207
UPMHN:2,15.490603543,120.564822665,0.0141,0.0100,62.3615,32,31.00,4.60*241031025209
UPMHN:2,15.490603558,120.564822671,0.0141,0.0105,62.3629,32,31.00,4.60*241031025211
UPMHN:2,15.490603575,120.564822670,0.0141,0.0100,62.3520,32,31.00,4.60*241031025213
UPMHN:2,15.490603567,120.564822710,0.0141,0.0100,62.3564,32,31.00,4.62*241031025215
UPMHN:2,15.490603592,120.564822723,0.0141,0.0100,62.3649,32,31.00,4.60*241031025217
UPMHN:2,15.490603562,120.564822694,0.0141,0.0100,62.3555,32,31.25,4.61*241031025219
UPMHN:2,15.490603547,120.564822708,0.0141,0.0100,62.3415,32,31.00,4.59*241031025221
UPMHN:2,15.490603545,120.564822724,0.0141,0.0100,62.3445,32,31.00,4.61*241031025223
UPMHN:2,15.490603565,120.564822699,0.0141,0.0100,62.3527,32,31.00,4.61*241031025225
UPMHN:2,15.490603554,120.564822662,0.0141,0.0100,62.3612,32,31.25,4.61*241031025227
UPMHN:2,15.490603534,120.564822670,0.0141,0.0100,62.3744,32,31.00,4.62*241031025229
UPMHN:2,15.490603562,120.564822696,0.0141,0.0100,62.3541,32,31.00,4.62*241031025231
UPMHN:2,15.490603550,120.564822695,0.0141,0.0100,62.3477,32,31.00,4.62*241031025233
UPMHN:2,15.490603539,120.564822707,0.0141,0.0100,62.3576,32,31.25,4.61*241031025235
UPMHN:2,15.490603569,120.564822709,0.0141,0.0100,62.3480,32,31.25,4.62*241031025237
UPMHN:2,15.490603601,120.564822747,0.0141,0.0100,62.3455,32,31.00,4.60*241031025239
UPMHN:2,15.490603606,120.564822743,0.0141,0.0100,62.3489,32,31.00,4.60*241031025241
UPMHN:2,15.490603537,120.564822746,0.0141,0.0100,62.3391,32,31.00,4.62*241031025243
UPMHN:2,15.490603534,120.564822739,0.0141,0.0100,62.3331,32,31.00,4.62*241031025245
UPMHN:2,15.490603541,120.564822745,0.0141,0.0100,62.3340,32,31.25,4.62*241031025247
UPMHN:2,15.490603558,120.564822793,0.0141,0.0100,62.3435,32,31.25,4.61*241031025249
UPMHN:2,15.490603578,120.564822789,0.0141,0.0100,62.3279,32,31.25,4.62*241031025251
UPMHN:2,15.490603560,120.564822801,0.0141,0.0100,62.3303,32,31.25,4.62*241031025253
UPMHN:2,15.490603569,120.564822824,0.0141,0.0100,62.3281,32,31.00,4.60*241031025255
UPMHN:2,15.490603559,120.564822790,0.0141,0.0100,62.3391,32,31.00,4.62*241031025257
UPMHN:2,15.490603538,120.564822786,0.0141,0.0102,62.3450,32,31.25,4.61*241031025259
UPMHN:2,15.490603548,120.564822795,0.0141,0.0102,62.3416,32,31.00,4.61*241031025301
UPMHN:2,15.490603574,120.564822844,0.0141,0.0104,62.3400,32,31.25,4.62*241031025303
UPMHN:2,15.490603577,120.564822847,0.0141,0.0105,62.3357,32,31.25,4.60*241031025305
UPMHN:2,15.490603591,120.564822859,0.0141,0.0100,62.3342,32,31.25,4.64*241031025307
UPMHN:2,15.490603554,120.564822843,0.0141,0.0100,62.3391,32,31.25,4.59*241031025309
UPMHN:2,15.490603523,120.564822844,0.0141,0.0103,62.3479,32,31.25,4.64*241031025311
UPMHN:2,15.490603603,120.564822853,0.0141,0.0108,62.3375,32,31.25,4.60*241031025313
UPMHN:2,15.490603622,120.564822876,0.0141,0.0110,62.3291,32,31.25,4.63*241031025315
UPMHN:2,15.490603564,120.564822907,0.0141,0.0122,62.3193,32,31.25,4.62*241031025317
UPMHN:2,15.490603531,120.564822880,0.0141,0.0104,62.3384,32,31.25,4.60*241031025319
UPMHN:2,15.490603553,120.564822852,0.0141,0.0113,62.3323,32,31.00,4.62*241031025321
UPMHN:2,15.490603569,120.564822854,0.0141,0.0100,62.3417,32,31.00,4.62*241031025323
UPMHN:2,15.490603567,120.564822912,0.0141,0.0110,62.3398,32,31.25,4.62*241031025325
UPMHN:2,15.490603547,120.564822862,0.0141,0.0101,62.3419,32,31.25,4.62*241031025327
UPMHN:2,15.490603566,120.564822848,0.0141,0.0100,62.3591,32,31.25,4.61*241031025329
UPMHN:2,15.490603561,120.564822788,0.0141,0.0100,62.3298,32,31.25,4.60*241031025331
UPMHN:2,15.490603531,120.564822846,0.0141,0.0100,62.3259,32,31.25,4.60*241031025333
UPMHN:2,15.490603552,120.564822855,0.0141,0.0100,62.3333,32,31.25,4.60*241031025335
UPMHN:2,15.490603564,120.564822806,0.0141,0.0100,62.3444,32,31.25,4.62*241031025337
UPMHN:2,15.490603574,120.564822772,0.0141,0.0100,62.3512,32,31.25,4.60*241031025339
UPMHN:2,15.490603570,120.564822746,0.0141,0.0108,62.3602,32,31.25,4.62*241031025341
UPMHN:2,15.490603572,120.564822753,0.0141,0.0100,62.3431,32,31.25,4.59*241031025343
UPMHN:2,15.490603553,120.564822729,0.0141,0.0100,62.3373,32,31.25,4.60*241031025345
UPMHN:2,15.490603535,120.564822745,0.0141,0.0100,62.3397,32,31.25,4.62*241031025347
UPMHN:2,15.490603559,120.564822694,0.0141,0.0100,62.3337,32,31.25,4.62*241031025349
UPMHN:2,15.490603586,120.564822692,0.0141,0.0100,62.3342,32,31.25,4.61*241031025351
UPMHN:2,15.490603605,120.564822698,0.0141,0.0100,62.3394,32,31.25,4.60*241031025353
UPMHN:2,15.490603570,120.564822678,0.0141,0.0100,62.3455,32,31.25,4.63*241031025355
UPMHN:2,15.490603557,120.564822697,0.0141,0.0100,62.3417,32,31.25,4.60*241031025357
UPMHN:2,15.490603550,120.564822693,0.0141,0.0100,62.3432,32,31.25,4.60*241031025359
UPMHN:2,15.490603590,120.564822673,0.0141,0.0102,62.3447,32,31.25,4.60*241031025401
UPMHN:2,15.490603619,120.564822671,0.0141,0.0100,62.3463,32,31.25,4.64*241031025403
UPMHN:2,15.490603612,120.564822689,0.0141,0.0100,62.3373,32,31.25,4.59*241031025405
UPMHN:2,15.490603575,120.564822702,0.0141,0.0100,62.3302,32,31.25,4.61*241031025407
UPMHN:2,15.490603593,120.564822659,0.0141,0.0100,62.3302,32,31.25,4.62*241031025409
UPMHN:2,15.490603628,120.564822615,0.0141,0.0100,62.3382,32,31.25,4.62*241031025411
UPMHN:2,15.490603615,120.564822688,0.0141,0.0100,62.3354,32,31.25,4.62*241031025413
UPMHN:2,15.490603577,120.564822696,0.0141,0.0100,62.3283,32,31.25,4.64*241031025415
UPMHN:2,15.490603567,120.564822734,0.0141,0.0101,62.3183,32,31.25,4.62*241031025417
UPMHN:2,15.490603572,120.564822671,0.0141,0.0100,62.3379,32,31.25,4.63*241031025419
UPMHN:2,15.490603559,120.564822670,0.0141,0.0100,62.3365,32,31.25,4.61*241031025421
UPMHN:2,15.490603541,120.564822652,0.0141,0.0103,62.3311,32,31.25,4.60*241031025423
UPMHN:2,15.490603586,120.564822670,0.0141,0.0101,62.3318,32,31.25,4.61*241031025425
UPMHN:2,15.490603636,120.564822660,0.0141,0.0107,62.3408,32,31.25,4.63*241031025427
UPMHN:2,15.490603620,120.564822638,0.0141,0.0116,62.3494,32,31.50,4.61*241031025429
UPMHN:2,15.490603550,120.564822658,0.0141,0.0100,62.3350,32,31.25,4.59*241031025431
UPMHN:2,15.490603613,120.564822658,0.0141,0.0103,62.3348,32,31.25,4.62*241031025433
UPMHN:2,15.490603594,120.564822621,0.0141,0.0129,62.3318,32,31.25,4.62*241031025435
UPMHN:2,15.490603545,120.564822673,0.0141,0.0109,62.3437,32,31.50,4.60*241031025437
UPMHN:2,15.490603571,120.564822595,0.0141,0.0129,62.3397,32,31.25,4.62*241031025439
UPMHN:2,15.490603519,120.564822678,0.0141,0.0105,62.3465,32,31.25,4.61*241031025441
UPMHN:2,15.490603591,120.564822660,0.0141,0.0104,62.3425,32,31.25,4.60*241031025443
UPMHN:2,15.490603579,120.564822632,0.0141,0.0100,62.3497,32,31.25,4.60*241031025445
UPMHN:2,15.490603568,120.564822617,0.0141,0.0100,62.3467,32,31.25,4.61*241031025447
UPMHN:2,15.490603534,120.564822617,0.0141,0.0101,62.3491,32,31.50,4.60*241031025449
UPMHN:2,15.490603581,120.564822620,0.0141,0.0111,62.3404,32,31.50,4.62*241031025451
UPMHN:2,15.490603582,120.564822545,0.0141,0.0140,62.3493,32,31.50,4.60*241031025453
UPMHN:2,15.490603565,120.564822573,0.0141,0.0110,62.3555,32,31.25,4.63*241031025455
UPMHN:2,15.490603585,120.564822561,0.0141,0.0118,62.3492,32,31.50,4.60*241031025457
UPMHN:2,15.490603561,120.564822587,0.0141,0.0116,62.3597,32,31.25,4.59*241031025459
UPMHN:2,15.490603612,120.564822569,0.0141,0.0104,62.3585,32,31.25,4.60*241031025501
UPMHN:2,15.490603619,120.564822622,0.0141,0.0100,62.3369,32,31.25,4.60*241031025503
UPMHN:2,15.490603593,120.564822578,0.0141,0.0105,62.3372,32,31.50,4.62*241031025505
UPMHN:2,15.490603620,120.564822515,0.0141,0.0112,62.3450,32,31.50,4.62*241031025507
UPMHN:2,15.490603601,120.564822584,0.0141,0.0100,62.3491,32,31.50,4.62*241031025509
UPMHN:2,15.490603574,120.564822577,0.0141,0.0100,62.3523,32,31.50,4.62*241031025511
UPMHN:2,15.490603600,120.564822554,0.0141,0.0100,62.3451,32,31.50,4.62*241031025513
UPMHN:2,15.490603606,120.564822513,0.0141,0.0111,62.3522,32,31.25,4.62*241031025515
UPMHN:2,15.490603580,120.564822570,0.0141,0.0100,62.3522,32,31.50,4.62*241031025517
UPMHN:2,15.490603588,120.564822524,0.0141,0.0100,62.3454,32,31.50,4.60*241031025519
UPMHN:2,15.490603606,120.564822521,0.0141,0.0100,62.3422,32,31.50,4.61*241031025521
UPMHN:2,15.490603567,120.564822482,0.0141,0.0109,62.3399,32,31.50,4.61*241031025523
UPMHN:2,15.490603558,120.564822473,0.0141,0.0109,62.3361,32,31.50,4.62*241031025525
UPMHN:2,15.490603621,120.564822455,0.0141,0.0111,62.3416,32,31.50,4.61*241031025527
UPMHN:2,15.490603609,120.564822481,0.0141,0.0119,62.3360,32,31.50,4.62*241031025529
UPMHN:2,15.490603568,120.564822468,0.0141,0.0100,62.3404,32,31.50,4.62*241031025531
UPMHN:2,15.490603586,120.564822409,0.0141,0.0100,62.3363,32,31.25,4.62*241031025533
UPMHN:2,15.490603583,120.564822433,0.0141,0.0101,62.3313,32,31.50,4.62*241031025535
UPMHN:2,15.490603589,120.564822450,0.0141,0.0102,62.3431,32,31.50,4.62*241031025537
UPMHN:2,15.490603591,120.564822427,0.0141,0.0106,62.3447,32,31.50,4.63*241031025539
UPMHN:2,15.490603553,120.564822407,0.0141,0.0129,62.3468,32,31.50,4.63*241031025541
UPMHN:2,15.490603605,120.564822409,0.0141,0.0100,62.3297,32,31.50,4.62*241031025543
UPMHN:2,15.490603569,120.564822415,0.0141,0.0103,62.3357,32,31.50,4.60*241031025545
UPMHN:2,15.490603542,120.564822413,0.0141,0.0126,62.3338,32,31.50,4.60*241031025547
UPMHN:2,15.490603621,120.564822372,0.0141,0.0150,62.3457,32,31.50,4.61*241031025549
UPMHN:2,15.490603604,120.564822373,0.0141,0.0121,62.3511,32,31.50,4.60*241031025551
UPMHN:2,15.490603589,120.564822379,0.0141,0.0129,62.3495,32,31.50,4.61*241031025553
UPMHN:2,15.490603595,120.564822379,0.0141,0.0100,62.3467,32,31.50,4.64*241031025555
UPMHN:2,15.490603639,120.564822335,0.0141,0.0138,62.3474,32,31.50,4.61*241031025557
UPMHN:2,15.490603661,120.564822358,0.0141,0.0162,62.3504,32,31.50,4.60*241031025559
UPMHN:2,15.490603509,120.564822353,0.0141,0.0104,62.3541,32,31.50,4.60*241031025601
UPMHN:2,15.490603576,120.564822371,0.0141,0.0100,62.3469,32,31.50,4.62*241031025603
UPMHN:2,15.490603634,120.564822373,0.0141,0.0142,62.3422,32,31.50,4.61*241031025605
UPMHN:2,15.490603505,120.564822358,0.0141,0.0100,62.3478,32,31.50,4.63*241031025607
UPMHN:2,15.490603498,120.564822360,0.0141,0.0100,62.3367,32,31.50,4.60*241031025609
UPMHN:2,15.490603516,120.564822374,0.0141,0.0100,62.3380,32,31.50,4.62*241031025611
UPMHN:2,15.490603530,120.564822347,0.0141,0.0100,62.3443,32,31.50,4.64*241031025613
UPMHN:2,15.490603472,120.564822391,0.0141,0.0100,62.3443,32,31.50,4.60*241031025615
UPMHN:2,15.490603477,120.564822391,0.0141,0.0100,62.3409,32,31.50,4.62*241031025617
UPMHN:2,15.490603522,120.564822343,0.0141,0.0100,62.3418,32,31.50,4.62*241031025619
UPMHN:2,15.490603514,120.564822329,0.0141,0.0100,62.3465,32,31.50,4.64*241031025621
UPMHN:2,15.490603544,120.564822345,0.0141,0.0100,62.3498,32,31.50,4.61*241031025623
UPMHN:2,15.490603529,120.564822303,0.0141,0.0100,62.3425,32,31.50,4.60*241031025625
UPMHN:2,15.490603453,120.564822327,0.0141,0.0100,62.3402,32,31.50,4.62*241031025627
UPMHN:2,15.490603450,120.564822318,0.0141,0.0102,62.3448,32,31.50,4.62*241031025629
UPMHN:2,15.490603562,120.564822285,0.0141,0.0100,62.3420,32,31.50,4.61*241031025631
UPMHN:2,15.490603511,120.564822348,0.0141,0.0100,62.3356,32,31.50,4.60*241031025633
UPMHN:2,15.490603458,120.564822341,0.0141,0.0100,62.3398,32,31.50,4.62*241031025635
UPMHN:2,15.490603467,120.564822316,0.0141,0.0100,62.3363,32,31.50,4.60*241031025637
UPMHN:2,15.490603533,120.564822288,0.0141,0.0100,62.3484,32,31.50,4.62*241031025639
UPMHN:2,15.490603525,120.564822335,0.0141,0.0120,62.3530,32,31.50,4.62*241031025641
UPMHN:2,15.490603434,120.564822296,0.0141,0.0100,62.3294,32,31.50,4.63*241031025643
UPMHN:2,15.490603525,120.564822280,0.0141,0.0100,62.3335,32,31.50,4.59*241031025645
UPMHN:2,15.490603535,120.564822292,0.0141,0.0103,62.3299,32,31.50,4.62*241031025647
UPMHN:2,15.490603423,120.564822307,0.0141,0.0113,62.3340,32,31.50,4.62*241031025649
UPMHN:2,15.490603460,120.564822336,0.0141,0.0100,62.3363,32,31.50,4.61*241031025651
UPMHN:2,15.490603523,120.564822330,0.0141,0.0100,62.3384,32,31.50,4.62*241031025653
UPMHN:2,15.490603519,120.564822327,0.0141,0.0105,62.3425,32,31.50,4.63*241031025655
UPMHN:2,15.490603463,120.564822325,0.0141,0.0107,62.3358,32,31.50,4.61*241031025657
UPMHN:2,15.490603467,120.564822345,0.0141,0.0122,62.3415,32,31.50,4.60*241031025659
UPMHN:2,15.490603471,120.564822350,0.0141,0.0124,62.3496,32,31.50,4.63*241031025701
UPMHN:2,15.490603494,120.564822334,0.0141,0.0117,62.3491,32,31.50,4.61*241031025703
UPMHN:2,15.490603468,120.564822330,0.0141,0.0132,62.3493,32,31.50,4.61*241031025705
UPMHN:2,15.490603499,120.564822353,0.0141,0.0108,62.3537,32,31.50,4.63*241031025707
UPMHN:2,15.490603505,120.564822358,0.0141,0.0100,62.3362,32,31.50,4.63*241031025709
UPMHN:2,15.490603509,120.564822358,0.0141,0.0109,62.3302,32,31.50,4.60*241031025711
UPMHN:2,15.490603496,120.564822392,0.0141,0.0128,62.3355,32,31.50,4.61*241031025713
UPMHN:2,15.490603490,120.564822375,0.0141,0.0100,62.3410,32,31.50,4.62*241031025715
UPMHN:2,15.490603481,120.564822392,0.0141,0.0102,62.3413,32,31.50,4.62*241031025717
UPMHN:2,15.490603422,120.564822351,0.0141,0.0152,62.3365,32,31.75,4.62*241031025719
UPMHN:2,15.490603504,120.564822373,0.0141,0.0124,62.3349,32,31.50,4.63*241031025721
UPMHN:2,15.490603504,120.564822366,0.0141,0.0121,62.3397,32,31.50,4.63*241031025723
UPMHN:2,15.490603416,120.564822353,0.0141,0.0107,62.3256,32,31.50,4.61*241031025725
UPMHN:2,15.490603455,120.564822382,0.0141,0.0100,62.3343,32,31.50,4.62*241031025727
UPMHN:2,15.490603463,120.564822387,0.0141,0.0100,62.3429,32,31.50,4.61*241031025729
UPMHN:2,15.490603423,120.564822332,0.0141,0.0100,62.3227,32,31.75,4.61*241031025731
UPMHN:2,15.490603426,120.564822299,0.0141,0.0109,62.3350,32,31.50,4.61*241031025733
UPMHN:2,15.490603435,120.564822308,0.0141,0.0100,62.3405,32,31.50,4.62*241031025735
UPMHN:2,15.490603446,120.564822321,0.0141,0.0100,62.3277,32,31.50,4.63*241031025737
UPMHN:2,15.490603401,120.564822302,0.0141,0.0100,62.3217,32,31.75,4.64*241031025739
UPMHN:2,15.490603427,120.564822327,0.0141,0.0106,62.3252,32,31.50,4.61*241031025741
UPMHN:2,15.490603410,120.564822315,0.0141,0.0100,62.3462,32,31.75,4.59*241031025743
UPMHN:2,15.490603387,120.564822346,0.0141,0.0100,62.3418,32,31.50,4.62*241031025745
UPMHN:2,15.490603371,120.564822357,0.0141,0.0100,62.3431,32,31.75,4.61*241031025747
UPMHN:2,15.490603426,120.564822314,0.0141,0.0100,62.3410,32,31.50,4.61*241031025749
UPMHN:2,15.490603438,120.564822303,0.0141,0.0100,62.3513,32,31.75,4.60*241031025751
UPMHN:2,15.490603403,120.564822342,0.0141,0.0100,62.3609,32,31.75,4.64*241031025753
UPMHN:2,15.490603414,120.564822313,0.0141,0.0100,62.3413,32,31.75,4.63*241031025755
UPMHN:2,15.490603468,120.564822345,0.0141,0.0100,62.3344,32,31.75,4.63*241031025757
UPMHN:2,15.490603432,120.564822412,0.0141,0.0100,62.3312,32,31.75,4.59*241031025759
UPMHN:2,15.490603416,120.564822307,0.0141,0.0100,62.3278,32,31.75,4.63*241031025801
UPMHN:2,15.490603440,120.564822309,0.0141,0.0100,62.3232,32,31.75,4.62*241031025803
UPMHN:2,15.490603445,120.564822345,0.0141,0.0100,62.3155,32,31.75,4.62*241031025805
UPMHN:2,15.490603458,120.564822353,0.0141,0.0100,62.3310,32,31.50,4.63*241031025807
UPMHN:2,15.490603044,120.564820733,0.0141,0.0114,62.3187,32,31.50,4.63*241031025809
UPMHN:2,15.490603125,120.564820762,0.0141,0.0110,62.3440,32,31.75,4.62*241031025811
UPMHN:2,15.490603139,120.564820798,0.0141,0.0132,62.3551,32,31.75,4.59*241031025813
UPMHN:2,15.490603117,120.564820818,0.0141,0.0129,62.3544,32,31.75,4.62*241031025815
UPMHN:2,15.490603114,120.564820886,0.0141,0.0135,62.3489,32,31.75,4.63*241031025817
UPMHN:2,15.490603186,120.564820926,0.0141,0.0113,62.3589,32,31.75,4.60*241031025819
UPMHN:2,15.490603199,120.564820922,0.0141,0.0126,62.3481,32,31.50,4.60*241031025821
UPMHN:2,15.490603180,120.564820939,0.0141,0.0123,62.3447,32,31.75,4.60*241031025823
UPMHN:2,15.490603200,120.564820988,0.0141,0.0120,62.3639,32,31.50,4.61*241031025825
UPMHN:2,15.490603234,120.564821029,0.0141,0.0135,62.3575,32,31.75,4.60*241031025827
UPMHN:2,15.490603247,120.564821068,0.0141,0.0143,62.3439,32,31.75,4.60*241031025829
UPMHN:2,15.490603224,120.564821123,0.0141,0.0135,62.3635,32,31.75,4.61*241031025831
UPMHN:2,15.490603244,120.564821168,0.0141,0.0130,62.3827,32,31.75,4.64*241031025833
UPMHN:2,15.490603261,120.564821217,0.0141,0.0142,62.3914,32,31.75,4.60*241031025835
UPMHN:2,15.490603235,120.564821170,0.0141,0.0139,62.3808,32,31.50,4.62*241031025837
UPMHN:2,15.490603240,120.564821207,0.0141,0.0135,62.3749,32,31.75,4.62*241031025839
UPMHN:2,15.490603251,120.564821261,0.0141,0.0152,62.3749,32,31.50,4.61*241031025841
UPMHN:2,15.490603298,120.564821291,0.0141,0.0143,62.3657,32,31.75,4.62*241031025843
UPMHN:2,15.490603289,120.564821278,0.0141,0.0143,62.3702,32,31.75,4.59*241031025845
UPMHN:2,15.490603319,120.564821302,0.0141,0.0138,62.3643,32,31.75,4.63*241031025847
UPMHN:2,15.490603300,120.564821326,0.0141,0.0135,62.3716,32,31.75,4.60*241031025849
UPMHN:2,15.490603321,120.564821247,0.0141,0.0129,62.3548,32,31.75,4.60*241031025851
UPMHN:2,15.490603289,120.564821322,0.0141,0.0147,62.3557,32,31.50,4.61*241031025853
UPMHN:2,15.490603366,120.564821310,0.0141,0.0143,62.3650,32,31.75,4.64*241031025855
UPMHN:2,15.490603356,120.564821329,0.0141,0.0124,62.3646,32,31.75,4.60*241031025857
UPMHN:2,15.490603360,120.564821436,0.0141,0.0161,62.3642,32,31.75,4.60*241031025859
UPMHN:2,15.490603357,120.564821386,0.0141,0.0147,62.3585,32,31.75,4.64*241031025901
UPMHN:2,15.490603362,120.564821390,0.0141,0.0156,62.3663,32,31.75,4.62*241031025903
UPMHN:2,15.490603355,120.564821448,0.0141,0.0139,62.3689,32,31.75,4.62*241031025905
UPMHN:2,15.490603424,120.564821446,0.0141,0.0116,62.3731,32,31.50,4.62*241031025907
UPMHN:2,15.490603389,120.564821483,0.0141,0.0131,62.3684,32,31.75,4.62*241031025909
UPMHN:2,15.490603374,120.564821498,0.0141,0.0133,62.3737,32,31.75,4.60*241031025911
UPMHN:2,15.490603424,120.564821520,0.0141,0.0118,62.3614,32,31.75,4.60*241031025913
UPMHN:2,15.490603418,120.564821538,0.0141,0.0120,62.3590,32,31.75,4.62*241031025915
UPMHN:2,15.490603439,120.564821552,0.0141,0.0128,62.3454,32,31.75,4.62*241031025917
UPMHN:2,15.490603415,120.564821533,0.0141,0.0122,62.3639,32,31.75,4.60*241031025919
UPMHN:2,15.490603434,120.564821531,0.0141,0.0111,62.3627,32,31.75,4.62*241031025921
UPMHN:2,15.490603427,120.564821540,0.0141,0.0115,62.3529,32,31.75,4.60*241031025923
UPMHN:2,15.490603434,120.564821571,0.0141,0.0125,62.3678,32,31.75,4.60*241031025925
UPMHN:2,15.490603461,120.564821625,0.0141,0.0121,62.3666,32,31.75,4.60*241031025927
UPMHN:2,15.490603447,120.564821636,0.0141,0.0135,62.3704,32,31.75,4.62*241031025929
UPMHN:2,15.490603378,120.564821603,0.0141,0.0122,62.3621,32,31.75,4.60*241031025931
UPMHN:2,15.490603433,120.564821617,0.0141,0.0123,62.3533,32,31.75,4.62*241031025933
UPMHN:2,15.490603442,120.564821635,0.0141,0.0129,62.3495,32,31.75,4.62*241031025935
UPMHN:2,15.490603406,120.564821607,0.0141,0.0125,62.3559,32,31.75,4.61*241031025937
UPMHN:2,15.490603421,120.564821647,0.0141,0.0128,62.3577,32,31.75,4.60*241031025939
UPMHN:2,15.490603445,120.564821655,0.0141,0.0133,62.3727,32,31.75,4.62*241031025941
UPMHN:2,15.490603438,120.564821680,0.0141,0.0125,62.3601,32,31.75,4.60*241031025943
UPMHN:2,15.490603428,120.564821675,0.0141,0.0125,62.3561,32,31.75,4.64*241031025945
UPMHN:2,15.490603426,120.564821694,0.0141,0.0137,62.3611,32,31.75,4.60*241031025947
UPMHN:2,15.490603447,120.564821688,0.0141,0.0133,62.3497,32,31.75,4.62*241031025949
UPMHN:2,15.490603447,120.564821689,0.0141,0.0120,62.3516,32,31.75,4.64*241031025951
UPMHN:2,15.490603426,120.564821720,0.0141,0.0129,62.3497,32,31.75,4.62*241031025953
UPMHN:2,15.490603465,120.564821698,0.0141,0.0133,62.3656,32,31.75,4.62*241031025955
UPMHN:2,15.490603439,120.564821707,0.0141,0.0134,62.3707,32,31.75,4.62*241031025957
UPMHN:2,15.490603451,120.564821714,0.0141,0.0133,62.3742,32,31.75,4.60*241031025959
UPMHN:2,15.490603433,120.564821708,0.0141,0.0135,62.3673,32,31.75,4.62*241031030001
UPMHN:2,15.490603461,120.564821707,0.0141,0.0146,62.3690,32,31.75,4.64*241031030003
UPMHN:2,15.490603435,120.564821720,0.0141,0.0142,62.3668,32,31.75,4.60*241031030005
UPMHN:2,15.490603484,120.564821748,0.0141,0.0183,62.3691,32,31.75,4.61*241031030007
UPMHN:2,15.490603470,120.564821757,0.0141,0.0177,62.3619,32,31.75,4.60*241031030009
UPMHN:2,15.490603483,120.564821773,0.0141,0.0188,62.3644,32,31.75,4.60*241031030011
UPMHN:2,15.490603362,120.564821774,0.0141,0.0176,62.3702,32,31.75,4.61*241031030013
UPMHN:2,15.490603424,120.564821757,0.0141,0.0148,62.3663,32,31.75,4.62*241031030015
UPMHN:2,15.490603416,120.564821796,0.0141,0.0166,62.3678,32,31.75,4.62*241031030017
UPMHN:2,15.490603392,120.564821786,0.0141,0.0155,62.3664,32,31.75,4.60*241031030019
UPMHN:2,15.490603428,120.564821786,0.0141,0.0158,62.3752,32,31.75,4.62*241031030021
UPMHN:2,15.490603419,120.564821785,0.0141,0.0165,62.3770,32,31.75,4.64*241031030023
UPMHN:2,15.490603360,120.564821745,0.0141,0.0164,62.3669,32,31.75,4.62*241031030025
UPMHN:2,15.490603440,120.564821696,0.0141,0.0142,62.3681,32,31.75,4.62*241031030027
UPMHN:2,15.490603457,120.564821746,0.0141,0.0158,62.3739,32,31.75,4.59*241031030029
UPMHN:2,15.490603455,120.564821705,0.0141,0.0149,62.3855,32,31.75,4.60*241031030031
UPMHN:2,15.490603458,120.564821782,0.0141,0.0125,62.3652,32,31.75,4.62*241031030033
UPMHN:2,15.490603447,120.564821801,0.0141,0.0134,62.3694,32,31.75,4.60*241031030035
UPMHN:2,15.490603492,120.564821771,0.0141,0.0134,62.3683,32,31.75,4.62*241031030037
UPMHN:2,15.490603478,120.564821728,0.0141,0.0138,62.3801,32,31.75,4.60*241031030039
UPMHN:2,15.490603479,120.564821787,0.0141,0.0140,62.3737,32,31.75,4.60*241031030041
UPMHN:2,15.490603519,120.564821656,0.0141,0.0123,62.3948,32,31.75,4.62*241031030043
UPMHN:2,15.490603473,120.564821732,0.0141,0.0138,62.3984,32,31.75,4.62*241031030045
UPMHN:2,15.490603455,120.564821779,0.0141,0.0151,62.3895,32,31.75,4.60*241031030047
UPMHN:2,15.490603480,120.564821802,0.0141,0.0122,62.3674,32,31.75,4.61*241031030049
UPMHN:2,15.490603506,120.564821704,0.0141,0.0152,62.3982,32,31.75,4.61*241031030051
UPMHN:2,15.490603494,120.564821731,0.0141,0.0153,62.3894,32,31.75,4.62*241031030053
UPMHN:2,15.490603474,120.564821691,0.0141,0.0153,62.3847,32,31.75,4.60*241031030055
UPMHN:2,15.490603510,120.564821765,0.0141,0.0140,62.3715,32,31.75,4.60*241031030057
UPMHN:2,15.490603560,120.564821729,0.0141,0.0179,62.3891,32,31.75,4.62*241031030059
UPMHN:2,15.490603489,120.564821678,0.0141,0.0138,62.3796,32,31.75,4.61*241031030101
UPMHN:2,15.490603480,120.564821702,0.0141,0.0140,62.3764,32,31.75,4.60*241031030103
UPMHN:2,15.490603529,120.564821767,0.0141,0.0139,62.3738,32,31.75,4.62*241031030105
UPMHN:2,15.490603542,120.564821734,0.0141,0.0113,62.3726,32,31.75,4.61*241031030107
UPMHN:2,15.490603509,120.564821675,0.0141,0.0129,62.3829,32,31.75,4.64*241031030109
UPMHN:2,15.490603506,120.564821675,0.0141,0.0135,62.3807,32,31.75,4.62*241031030111
UPMHN:2,15.490603598,120.564821741,0.0141,0.0154,62.3935,32,31.75,4.59*241031030113
UPMHN:2,15.490603616,120.564821723,0.0141,0.0145,62.3769,32,31.75,4.61*241031030115
UPMHN:2,15.490603579,120.564821709,0.0141,0.0120,62.3985,32,31.75,4.62*241031030117
UPMHN:2,15.490603553,120.564821666,0.0141,0.0124,62.3921,32,31.75,4.63*241031030119
UPMHN:2,15.490603592,120.564821704,0.0141,0.0105,62.3982,32,31.75,4.60*241031030121
UPMHN:2,15.490603623,120.564821714,0.0141,0.0113,62.3946,32,31.75,4.64*241031030123
UPMHN:2,15.490603595,120.564821701,0.0141,0.0100,62.4041,32,31.75,4.61*241031030125
UPMHN:2,15.490603604,120.564821707,0.0141,0.0102,62.3902,32,31.75,4.62*241031030127
UPMHN:2,15.490603601,120.564821723,0.0141,0.0103,62.3890,32,32.00,4.62*241031030129
UPMHN:2,15.490603608,120.564821733,0.0141,0.0100,62.3945,32,31.75,4.60*241031030131
UPMHN:2,15.490603627,120.564821700,0.0141,0.0100,62.3988,32,31.75,4.60*241031030133
UPMHN:2,15.490603640,120.564821754,0.0141,0.0100,62.3907,32,31.75,4.62*241031030135
UPMHN:2,15.490603645,120.564821750,0.0141,0.0100,62.3941,32,31.75,4.63*241031030137
UPMHN:2,15.490603642,120.564821761,0.0141,0.0111,62.3837,32,31.75,4.63*241031030139
UPMHN:2,15.490603598,120.564821785,0.0141,0.0100,62.3833,32,31.75,4.62*241031030141
UPMHN:2,15.490603607,120.564821781,0.0141,0.0100,62.3999,32,31.75,4.61*241031030143
UPMHN:2,15.490603567,120.564821797,0.0141,0.0100,62.4088,32,31.75,4.62*241031030145
UPMHN:2,15.490603566,120.564821816,0.0141,0.0100,62.4155,32,31.75,4.62*241031030147
UPMHN:2,15.490603602,120.564821760,0.0141,0.0100,62.4063,32,32.00,4.60*241031030149
UPMHN:2,15.490603618,120.564821755,0.0141,0.0100,62.4060,32,31.75,4.62*241031030151
UPMHN:2,15.490603626,120.564821743,0.0141,0.0100,62.4129,32,31.75,4.59*241031030153
UPMHN:2,15.490603622,120.564821756,0.0141,0.0100,62.4071,32,31.75,4.60*241031030155
UPMHN:2,15.490603626,120.564821753,0.0141,0.0100,62.4058,32,31.75,4.61*241031030157
UPMHN:2,15.490603632,120.564821745,0.0141,0.0100,62.4024,32,31.75,4.62*241031030159
UPMHN:2,15.490603663,120.564821745,0.0141,0.0100,62.4170,32,31.75,4.62*241031030201
UPMHN:2,15.490603645,120.564821723,0.0141,0.0100,62.4264,32,31.75,4.62*241031030203
UPMHN:2,15.490603664,120.564821692,0.0141,0.0105,62.4320,32,31.75,4.60*241031030205
UPMHN:2,15.490603616,120.564821704,0.0141,0.0100,62.4134,32,31.75,4.60*241031030207
UPMHN:2,15.490603616,120.564821705,0.0141,0.0100,62.4208,32,31.75,4.62*241031030209
UPMHN:2,15.490603608,120.564821707,0.0141,0.0100,62.4283,32,31.75,4.62*241031030211
UPMHN:2,15.490603638,120.564821755,0.0141,0.0100,62.4284,32,31.75,4.61*241031030213
UPMHN:2,15.490603626,120.564821753,0.0141,0.0100,62.4337,32,31.75,4.60*241031030215
UPMHN:2,15.490603639,120.564821749,0.0141,0.0100,62.4325,32,31.75,4.61*241031030217
UPMHN:2,15.490603626,120.564821725,0.0141,0.0100,62.4390,32,31.75,4.60*241031030219
UPMHN:2,15.490603627,120.564821745,0.0141,0.0100,62.4449,32,31.75,4.62*241031030221
UPMHN:2,15.490603662,120.564821750,0.0141,0.0100,62.4460,32,31.75,4.60*241031030223
UPMHN:2,15.490603664,120.564821735,0.0141,0.0100,62.4506,32,31.75,4.62*241031030225
UPMHN:2,15.490603625,120.564821719,0.0141,0.0100,62.4478,32,31.75,4.62*241031030227
UPMHN:2,15.490603623,120.564821718,0.0141,0.0101,62.4565,32,31.75,4.60*241031030229
UPMHN:2,15.490603655,120.564821745,0.0141,0.0117,62.4553,32,31.75,4.61*241031030231
UPMHN:2,15.490603647,120.564821753,0.0141,0.0105,62.4517,32,31.75,4.60*241031030233
UPMHN:2,15.490603622,120.564821780,0.0141,0.0100,62.4283,32,31.75,4.64*241031030235
UPMHN:2,15.490603653,120.564821754,0.0141,0.0100,62.4368,32,31.75,4.61*241031030237
UPMHN:2,15.490603647,120.564821753,0.0141,0.0105,62.4590,32,31.75,4.64*241031030239
UPMHN:2,15.490603617,120.564821757,0.0141,0.0119,62.4584,32,31.75,4.62*241031030241
UPMHN:2,15.490603640,120.564821716,0.0141,0.0104,62.4509,32,32.00,4.60*241031030243
UPMHN:2,15.490603660,120.564821720,0.0141,0.0124,62.4554,32,32.00,4.60*241031030245
UPMHN:2,15.490603669,120.564821742,0.0141,0.0131,62.4612,32,31.75,4.62*241031030247
UPMHN:2,15.490603655,120.564821722,0.0141,0.0116,62.4572,32,32.00,4.60*241031030249
UPMHN:2,15.490603625,120.564821703,0.0141,0.0109,62.4520,32,31.75,4.63*241031030251
UPMHN:2,15.490603595,120.564821691,0.0141,0.0116,62.4520,32,31.75,4.62*241031030253
UPMHN:2,15.490603623,120.564821703,0.0141,0.0121,62.4463,32,31.75,4.60*241031030255
UPMHN:2,15.490603656,120.564821728,0.0141,0.0124,62.4463,32,31.75,4.62*241031030257
UPMHN:2,15.490603660,120.564821713,0.0141,0.0135,62.4508,32,32.00,4.60*241031030259
UPMHN:2,15.490603643,120.564821717,0.0141,0.0104,62.4471,32,31.75,4.63*241031030301
UPMHN:2,15.490603662,120.564821725,0.0141,0.0115,62.4560,32,31.75,4.64*241031030303
UPMHN:2,15.490603673,120.564821759,0.0141,0.0135,62.4616,32,31.75,4.63*241031030305
UPMHN:2,15.490603662,120.564821732,0.0141,0.0118,62.4686,32,32.00,4.60*241031030307
UPMHN:2,15.490603694,120.564821712,0.0141,0.0114,62.4636,32,32.00,4.60*241031030309
UPMHN:2,15.490603700,120.564821690,0.0141,0.0111,62.4609,32,31.75,4.60*241031030311
UPMHN:2,15.490603668,120.564821721,0.0141,0.0118,62.4646,32,32.00,4.60*241031030313
UPMHN:2,15.490603739,120.564821733,0.0141,0.0126,62.4650,32,31.75,4.60*241031030315
UPMHN:2,15.490603733,120.564821705,0.0141,0.0134,62.4693,32,31.75,4.60*241031030317
UPMHN:2,15.490603695,120.564821758,0.0141,0.0105,62.4590,32,31.75,4.62*241031030319
UPMHN:2,15.490603716,120.564821722,0.0141,0.0106,62.4767,32,32.00,4.62*241031030321
UPMHN:2,15.490603733,120.564821737,0.0141,0.0124,62.4581,32,31.75,4.60*241031030323
UPMHN:2,15.490603745,120.564821719,0.0141,0.0109,62.4773,32,31.75,4.60*241031030325
UPMHN:2,15.490603795,120.564821712,0.0141,0.0126,62.4867,32,31.75,4.62*241031030327
UPMHN:2,15.490603765,120.564821728,0.0141,0.0124,62.4747,32,31.75,4.59*241031030329
UPMHN:2,15.490603687,120.564821732,0.0141,0.0128,62.4777,32,32.00,4.62*241031030331
UPMHN:2,15.490603787,120.564821765,0.0141,0.0116,62.4964,32,31.75,4.62*241031030333
UPMHN:2,15.490603847,120.564821787,0.0141,0.0147,62.5090,32,31.75,4.59*241031030335
UPMHN:2,15.490603696,120.564821719,0.0141,0.0114,62.4796,32,31.75,4.61*241031030337
UPMHN:2,15.490603712,120.564821724,0.0141,0.0147,62.4934,32,32.00,4.62*241031030339
UPMHN:2,15.490603766,120.564821749,0.0141,0.0120,62.5044,32,32.00,4.63*241031030341
UPMHN:2,15.490603784,120.564821761,0.0141,0.0100,62.5004,32,31.75,4.61*241031030343
UPMHN:2,15.490603764,120.564821724,0.0141,0.0119,62.4920,32,31.75,4.64*241031030345
UPMHN:2,15.490603698,120.564821730,0.0141,0.0150,62.5024,32,31.75,4.60*241031030347
UPMHN:2,15.490603800,120.564821703,0.0141,0.0117,62.5157,32,31.75,4.62*241031030349
UPMHN:2,15.490603726,120.564821723,0.0141,0.0117,62.5052,32,31.75,4.61*241031030351
UPMHN:2,15.490603691,120.564821724,0.0141,0.0141,62.4999,32,31.75,4.60*241031030353
UPMHN:2,15.490603799,120.564821706,0.0141,0.0102,62.4984,32,31.75,4.60*241031030355
UPMHN:2,15.490603806,120.564821742,0.0141,0.0115,62.5133,32,31.75,4.62*241031030357
UPMHN:2,15.490603765,120.564821737,0.0141,0.0119,62.5129,32,31.75,4.62*241031030359
UPMHN:2,15.490603782,120.564821703,0.0141,0.0100,62.5097,32,31.75,4.60*241031030401
UPMHN:2,15.490603795,120.564821760,0.0141,0.0119,62.5275,32,31.75,4.60*241031030403
UPMHN:2,15.490603762,120.564821769,0.0141,0.0117,62.5349,32,31.75,4.60*241031030405
UPMHN:2,15.490603720,120.564821739,0.0141,0.0112,62.5274,32,32.00,4.62*241031030407
UPMHN:2,15.490603758,120.564821716,0.0141,0.0100,62.5273,32,31.75,4.61*241031030409
UPMHN:2,15.490603816,120.564821700,0.0141,0.0108,62.5294,32,31.75,4.62*241031030411
UPMHN:2,15.490603785,120.564821743,0.0141,0.0100,62.4897,32,31.75,4.63*241031030413
UPMHN:2,15.490603798,120.564821746,0.0141,0.0100,62.4958,32,31.75,4.62*241031030415
UPMHN:2,15.490603831,120.564821739,0.0141,0.0100,62.5001,32,31.75,4.63*241031030417
UPMHN:2,15.490603788,120.564821742,0.0141,0.0100,62.4981,32,31.75,4.62*241031030419
UPMHN:2,15.490603760,120.564821739,0.0141,0.0100,62.4887,32,32.00,4.61*241031030421
UPMHN:2,15.490603786,120.564821750,0.0141,0.0100,62.4863,32,32.00,4.63*241031030423
UPMHN:2,15.490603807,120.564821737,0.0141,0.0100,62.5063,32,31.75,4.60*241031030425
UPMHN:2,15.490603801,120.564821764,0.0141,0.0100,62.4982,32,31.75,4.62*241031030427
UPMHN:2,15.490603816,120.564821782,0.0141,0.0100,62.4950,32,31.75,4.61*241031030429
UPMHN:2,15.490603827,120.564821777,0.0141,0.0100,62.4948,32,31.75,4.63*241031030431
UPMHN:2,15.490603784,120.564821766,0.0141,0.0100,62.4991,32,31.75,4.59*241031030433
UPMHN:2,15.490603822,120.564821765,0.0141,0.0100,62.5026,32,31.75,4.60*241031030435
UPMHN:2,15.490603792,120.564821788,0.0141,0.0103,62.5118,32,32.00,4.60*241031030437
UPMHN:2,15.490603718,120.564821766,0.0141,0.0106,62.5078,32,31.75,4.60*241031030439
UPMHN:2,15.490603674,120.564821792,0.0141,0.0124,62.5149,32,31.75,4.62*241031030441
UPMHN:2,15.490603754,120.564821775,0.0141,0.0106,62.5181,32,31.75,4.64*241031030443
UPMHN:2,15.490603772,120.564821779,0.0141,0.0100,62.5200,32,31.75,4.64*241031030445
UPMHN:2,15.490603716,120.564821771,0.0141,0.0127,62.5156,32,31.75,4.62*241031030447
UPMHN:2,15.490603675,120.564821737,0.0141,0.0132,62.5177,32,31.75,4.62*241031030449
UPMHN:2,15.490603727,120.564821762,0.0141,0.0100,62.5189,32,32.00,4.62*241031030451
UPMHN:2,15.490603762,120.564821768,0.0141,0.0100,62.5155,32,31.75,4.64*241031030453
UPMHN:2,15.490603691,120.564821756,0.0141,0.0124,62.5116,32,31.75,4.62*241031030455
UPMHN:2,15.490603697,120.564821765,0.0141,0.0100,62.5140,32,32.00,4.62*241031030457
UPMHN:2,15.490603705,120.564821779,0.0141,0.0105,62.5018,32,31.75,4.63*241031030459
UPMHN:2,15.490603683,120.564821762,0.0141,0.0100,62.4970,32,31.75,4.62*241031030501
UPMHN:2,15.490603693,120.564821723,0.0141,0.0100,62.4980,32,31.75,4.60*241031030503
UPMHN:2,15.490603683,120.564821736,0.0141,0.0103,62.4982,32,32.00,4.60*241031030505
UPMHN:2,15.490603704,120.564821760,0.0141,0.0102,62.5075,32,31.75,4.61*241031030507
UPMHN:2,15.490603727,120.564821732,0.0141,0.0100,62.5005,32,31.75,4.62*241031030509
UPMHN:2,15.490603701,120.564821759,0.0141,0.0103,62.5008,32,31.75,4.60*241031030511
UPMHN:2,15.490603662,120.564821756,0.0141,0.0108,62.4911,32,31.75,4.61*241031030513
UPMHN:2,15.490603701,120.564821728,0.0141,0.0100,62.4917,32,31.75,4.61*241031030515
UPMHN:2,15.490603685,120.564821744,0.0141,0.0100,62.4915,32,31.75,4.61*241031030517
UPMHN:2,15.490603645,120.564821702,0.0141,0.0102,62.4957,32,31.75,4.61*241031030519
UPMHN:2,15.490603670,120.564821732,0.0141,0.0101,62.5048,32,31.75,4.62*241031030521
UPMHN:2,15.490603687,120.564821755,0.0141,0.0108,62.4929,32,31.75,4.62*241031030523
UPMHN:2,15.490603643,120.564821710,0.0141,0.0113,62.4804,32,31.75,4.60*241031030525
UPMHN:2,15.490603624,120.564821721,0.0141,0.0114,62.4816,32,31.75,4.64*241031030527
UPMHN:2,15.490603658,120.564821738,0.0141,0.0100,62.4943,32,31.75,4.63*241031030529
UPMHN:2,15.490603653,120.564821763,0.0141,0.0100,62.4990,32,32.00,4.61*241031030531
UPMHN:2,15.490603616,120.564821726,0.0141,0.0110,62.4857,32,32.00,4.61*241031030533
UPMHN:2,15.490603606,120.564821746,0.0141,0.0129,62.4799,32,32.00,4.62*241031030535
UPMHN:2,15.490603674,120.564821777,0.0141,0.0100,62.5037,32,32.00,4.60*241031030537
UPMHN:2,15.490603681,120.564821734,0.0141,0.0100,62.5022,32,31.75,4.62*241031030539
UPMHN:2,15.490603663,120.564821752,0.0141,0.0100,62.4994,32,31.75,4.62*241031030541
UPMHN:2,15.490603697,120.564821718,0.0141,0.0100,62.4935,32,31.75,4.60*241031030543
UPMHN:2,15.490603682,120.564821735,0.0141,0.0100,62.4994,32,32.00,4.60*241031030545
UPMHN:2,15.490603672,120.564821776,0.0141,0.0103,62.5025,32,31.75,4.64*241031030547
UPMHN:2,15.490603732,120.564821790,0.0141,0.0100,62.5160,32,31.75,4.61*241031030549
UPMHN:2,15.490603710,120.564821743,0.0141,0.0100,62.5080,32,31.75,4.61*241031030551
UPMHN:2,15.490603720,120.564821735,0.0141,0.0100,62.5166,32,31.75,4.61*241031030553
UPMHN:2,15.490603756,120.564821737,0.0141,0.0100,62.5242,32,32.00,4.62*241031030555
UPMHN:2,15.490603758,120.564821726,0.0141,0.0100,62.5247,32,31.75,4.61*241031030557
UPMHN:2,15.490603745,120.564821733,0.0141,0.0100,62.5322,32,32.00,4.61*241031030559
UPMHN:2,15.490603760,120.564821702,0.0141,0.0100,62.5160,32,31.75,4.60*241031030601
UPMHN:2,15.490603750,120.564821709,0.0141,0.0100,62.5132,32,32.00,4.61*241031030603
UPMHN:2,15.490603769,120.564821701,0.0141,0.0100,62.5187,32,31.75,4.61*241031030605
UPMHN:2,15.490603773,120.564821691,0.0141,0.0100,62.5156,32,31.75,4.61*241031030607
UPMHN:2,15.490603730,120.564821676,0.0141,0.0100,62.5128,32,32.00,4.60*241031030609
UPMHN:2,15.490603724,120.564821663,0.0141,0.0100,62.5159,32,31.75,4.62*241031030611
UPMHN:2,15.490603765,120.564821689,0.0141,0.0100,62.5154,32,32.00,4.62*241031030613
UPMHN:2,15.490603704,120.564821684,0.0141,0.0100,62.5116,32,32.00,4.62*241031030615
UPMHN:2,15.490603688,120.564821665,0.0141,0.0100,62.5120,32,31.75,4.62*241031030617
UPMHN:2,15.490603767,120.564821683,0.0141,0.0100,62.5216,32,32.00,4.64*241031030619
UPMHN:2,15.490603754,120.564821712,0.0141,0.0100,62.5176,32,31.75,4.61*241031030621
UPMHN:2,15.490603717,120.564821725,0.0141,0.0100,62.5161,32,32.00,4.63*241031030623
UPMHN:2,15.490603770,120.564821695,0.0141,0.0100,62.4998,32,32.00,4.64*241031030625
UPMHN:2,15.490603775,120.564821690,0.0141,0.0100,62.4990,32,31.75,4.60*241031030627
UPMHN:2,15.490603790,120.564821683,0.0141,0.0100,62.4975,32,32.00,4.59*241031030629
UPMHN:2,15.490603725,120.564821717,0.0141,0.0100,62.5123,32,31.75,4.61*241031030631
UPMHN:2,15.490603729,120.564821735,0.0141,0.0100,62.5075,32,32.00,4.61*241031030633
UPMHN:2,15.490603716,120.564821760,0.0141,0.0100,62.5122,32,32.00,4.60*241031030635
UPMHN:2,15.490603747,120.564821718,0.0141,0.0100,62.5022,32,31.75,4.62*241031030637
UPMHN:2,15.490603767,120.564821730,0.0141,0.0100,62.5069,32,31.75,4.60*241031030639
UPMHN:2,15.490603789,120.564821737,0.0141,0.0100,62.5018,32,32.00,4.60*241031030641
UPMHN:2,15.490603734,120.564821698,0.0141,0.0100,62.4816,32,32.00,4.60*241031030643
UPMHN:2,15.490603791,120.564821704,0.0141,0.0100,62.4825,32,32.00,4.61*241031030645
UPMHN:2,15.490603825,120.564821710,0.0141,0.0100,62.4842,32,32.00,4.61*241031030647
UPMHN:2,15.490603738,120.564821691,0.0141,0.0100,62.4874,32,32.00,4.62*241031030649
UPMHN:2,15.490603753,120.564821676,0.0141,0.0100,62.4780,32,31.75,4.62*241031030651
UPMHN:2,15.490603744,120.564821682,0.0141,0.0100,62.4799,32,32.00,4.61*241031030653
UPMHN:2,15.490603767,120.564821754,0.0141,0.0100,62.4716,32,32.00,4.59*241031030655
UPMHN:2,15.490603780,120.564821709,0.0141,0.0100,62.4643,32,31.75,4.60*241031030657
UPMHN:2,15.490603734,120.564821711,0.0141,0.0100,62.4458,32,31.75,4.62*241031030659
UPMHN:2,15.490603773,120.564821724,0.0141,0.0100,62.4661,32,32.00,4.61*241031030701
UPMHN:2,15.490603798,120.564821729,0.0141,0.0100,62.4902,32,31.75,4.61*241031030703
UPMHN:2,15.490603809,120.564821745,0.0141,0.0105,62.5059,32,31.75,4.60*241031030705
UPMHN:2,15.490603688,120.564821742,0.0141,0.0100,62.4812,32,31.75,4.60*241031030707
UPMHN:2,15.490603751,120.564821734,0.0141,0.0100,62.4736,32,31.75,4.60*241031030709
UPMHN:2,15.490603750,120.564821742,0.0141,0.0100,62.4766,32,32.00,4.62*241031030711
UPMHN:2,15.490603761,120.564821736,0.0141,0.0100,62.4869,32,32.00,4.60*241031030713
UPMHN:2,15.490603698,120.564821772,0.0141,0.0100,62.4952,32,32.00,4.60*241031030715
UPMHN:2,15.490603701,120.564821807,0.0141,0.0100,62.5017,32,32.00,4.60*241031030717
UPMHN:2,15.490603790,120.564821773,0.0141,0.0100,62.4892,32,32.00,4.60*241031030719
UPMHN:2,15.490603715,120.564821768,0.0141,0.0100,62.4848,32,32.00,4.63*241031030721
UPMHN:2,15.490603588,120.564822094,0.0141,0.0137,62.3941,32,32.00,4.60*241031030723
UPMHN:2,15.490603668,120.564822087,0.0141,0.0122,62.4182,32,32.00,4.60*241031030725
UPMHN:2,15.490603636,120.564822102,0.0141,0.0107,62.4196,32,32.00,4.59*241031030727
UPMHN:2,15.490603625,120.564822094,0.0141,0.0123,62.4136,32,32.00,4.62*241031030729
UPMHN:2,15.490603629,120.564822151,0.0141,0.0102,62.4211,32,32.00,4.62*241031030731
UPMHN:2,15.490603630,120.564822123,0.0141,0.0100,62.4235,32,31.75,4.59*241031030733
UPMHN:2,15.490603736,120.564821749,0.0141,0.0107,62.4993,32,31.75,4.62*241031030735
UPMHN:2,15.490603615,120.564822146,0.0141,0.0110,62.4207,32,31.75,4.60*241031030737
UPMHN:2,15.490603643,120.564822114,0.0141,0.0112,62.4219,32,31.75,4.63*241031030739
UPMHN:2,15.490603736,120.564821734,0.0141,0.0140,62.4804,32,31.75,4.63*241031030741
UPMHN:2,15.490603720,120.564821776,0.0141,0.0151,62.5077,32,31.75,4.62*241031030743
UPMHN:2,15.490603749,120.564821770,0.0141,0.0154,62.4963,32,31.75,4.64*241031030745
UPMHN:2,15.490603762,120.564821783,0.0141,0.0154,62.4894,32,31.75,4.62*241031030747
UPMHN:2,15.490603747,120.564821746,0.0141,0.0126,62.4827,32,32.00,4.62*241031030749
UPMHN:2,15.490603781,120.564821754,0.0141,0.0110,62.4921,32,31.75,4.60*241031030751
UPMHN:2,15.490603753,120.564821761,0.0141,0.0109,62.4937,32,32.00,4.60*241031030753
UPMHN:2,15.490603748,120.564821787,0.0141,0.0107,62.5048,32,31.75,4.62*241031030755
UPMHN:2,15.490603757,120.564821772,0.0141,0.0108,62.4918,32,32.00,4.60*241031030757
UPMHN:2,15.490603737,120.564821772,0.0141,0.0100,62.4864,32,31.75,4.62*241031030759
UPMHN:2,15.490603738,120.564821777,0.0141,0.0116,62.4953,32,32.00,4.61*241031030801
UPMHN:2,15.490603743,120.564821802,0.0141,0.0105,62.5013,32,32.00,4.61*241031030803
UPMHN:2,15.490603737,120.564821785,0.0141,0.0108,62.4940,32,31.75,4.61*241031030805
UPMHN:2,15.490603706,120.564821786,0.0141,0.0100,62.4995,32,31.75,4.59*241031030807
UPMHN:2,15.490603700,120.564821788,0.0141,0.0107,62.5029,32,32.00,4.63*241031030809
UPMHN:2,15.490603688,120.564821783,0.0141,0.0119,62.5003,32,31.75,4.61*241031030811
UPMHN:2,15.490603693,120.564821781,0.0141,0.0102,62.5034,32,32.00,4.62*241031030813
UPMHN:2,15.490603715,120.564821759,0.0141,0.0110,62.4971,32,31.75,4.60*241031030815
UPMHN:2,15.490603699,120.564821730,0.0141,0.0112,62.4899,32,32.00,4.60*241031030817
UPMHN:2,15.490603709,120.564821768,0.0141,0.0125,62.4878,32,31.75,4.61*241031030819
UPMHN:2,15.490603690,120.564821759,0.0141,0.0108,62.4883,32,32.00,4.61*241031030821
UPMHN:2,15.490603656,120.564821765,0.0141,0.0118,62.4832,32,32.00,4.60*241031030823
UPMHN:2,15.490603658,120.564821757,0.0141,0.0118,62.4956,32,31.75,4.62*241031030825
UPMHN:2,15.490603675,120.564821741,0.0141,0.0105,62.4895,32,31.75,4.59*241031030827
UPMHN:2,15.490603699,120.564821731,0.0141,0.0124,62.4760,32,31.75,4.64*241031030829
UPMHN:2,15.490603660,120.564821784,0.0141,0.0128,62.4807,32,32.00,4.60*241031030831
UPMHN:2,15.490603674,120.564821790,0.0141,0.0121,62.4784,32,31.75,4.60*241031030833
UPMHN:2,15.490603677,120.564821795,0.0141,0.0110,62.4874,32,32.00,4.62*241031030835
UPMHN:2,15.490603631,120.564821756,0.0141,0.0110,62.5108,32,32.00,4.61*241031030837
UPMHN:2,15.490603703,120.564821718,0.0141,0.0119,62.4994,32,31.75,4.63*241031030839
UPMHN:2,15.490603700,120.564821751,0.0141,0.0107,62.5053,32,32.00,4.63*241031030841
UPMHN:2,15.490603698,120.564821755,0.0141,0.0116,62.4864,32,32.00,4.62*241031030843
UPMHN:2,15.490603715,120.564821731,0.0141,0.0135,62.5160,32,32.00,4.60*241031030845
UPMHN:2,15.490603705,120.564821733,0.0141,0.0140,62.4906,32,32.00,4.62*241031030847
UPMHN:2,15.490603683,120.564821747,0.0141,0.0104,62.5087,32,32.00,4.60*241031030849
UPMHN:2,15.490603761,120.564822312,0.0141,0.0155,62.3270,32,32.00,4.60*241031030851
UPMHN:2,15.490603761,120.564822321,0.0141,0.0150,62.3268,32,32.00,4.61*241031030853
UPMHN:2,15.490603757,120.564822303,0.0141,0.0130,62.3275,32,31.75,4.60*241031030855
UPMHN:2,15.490603777,120.564822338,0.0141,0.0125,62.3247,32,31.75,4.60*241031030857
UPMHN:2,15.490603780,120.564822331,0.0141,0.0156,62.3187,32,32.00,4.62*241031030859
UPMHN:2,15.490603714,120.564822304,0.0141,0.0158,62.3278,32,32.00,4.62*241031030901
UPMHN:2,15.490603736,120.564822285,0.0141,0.0119,62.3214,32,32.00,4.60*241031030903
UPMHN:2,15.490603718,120.564822298,0.0141,0.0128,62.3288,32,31.75,4.62*241031030905
UPMHN:2,15.490603787,120.564822289,0.0141,0.0133,62.3313,32,31.75,4.62*241031030907
UPMHN:2,15.490603763,120.564822284,0.0141,0.0106,62.3268,32,31.75,4.63*241031030909
UPMHN:2,15.490603715,120.564822307,0.0141,0.0122,62.3290,32,32.00,4.62*241031030911
UPMHN:2,15.490603758,120.564822297,0.0141,0.0128,62.3236,32,32.00,4.61*241031030913
UPMHN:2,15.490603794,120.564822300,0.0141,0.0126,62.3269,32,32.00,4.60*241031030915
UPMHN:2,15.490603772,120.564822350,0.0141,0.0134,62.3359,32,32.00,4.62*241031030917
UPMHN:2,15.490603734,120.564822308,0.0141,0.0150,62.3323,32,32.00,4.63*241031030919
UPMHN:2,15.490603758,120.564822282,0.0141,0.0156,62.3275,32,32.00,4.64*241031030921
UPMHN:2,15.490603776,120.564822277,0.0141,0.0139,62.3192,32,31.75,4.62*241031030923
UPMHN:2,15.490603722,120.564822320,0.0141,0.0141,62.3174,32,32.00,4.62*241031030925
UPMHN:2,15.490603761,120.564822308,0.0141,0.0114,62.3257,32,31.75,4.61*241031030927
UPMHN:2,15.490603754,120.564822306,0.0141,0.0124,62.3232,32,32.00,4.60*241031030929
UPMHN:2,15.490603714,120.564822280,0.0141,0.0145,62.3159,32,31.75,4.62*241031030931
UPMHN:2,15.490603754,120.564822286,0.0141,0.0162,62.3108,32,32.00,4.60*241031030933
UPMHN:2,15.490603791,120.564822307,0.0141,0.0116,62.3064,32,32.00,4.63*241031030935
UPMHN:2,15.490603738,120.564822281,0.0141,0.0164,62.3161,32,32.00,4.60*241031030937
UPMHN:2,15.490603758,120.564822262,0.0141,0.0108,62.3173,32,32.00,4.60*241031030939
UPMHN:2,15.490603738,120.564822249,0.0141,0.0140,62.3129,32,32.00,4.60*241031030941
UPMHN:2,15.490603813,120.564822293,0.0141,0.0109,62.3202,32,32.00,4.60*241031030943
UPMHN:2,15.490603743,120.564822275,0.0141,0.0111,62.3163,32,32.00,4.62*241031030945
UPMHN:2,15.490603718,120.564822292,0.0141,0.0144,62.3216,32,32.00,4.62*241031030947
UPMHN:2,15.490603778,120.564822274,0.0141,0.0110,62.3239,32,31.75,4.60*241031030949
UPMHN:2,15.490603780,120.564822280,0.0141,0.0120,62.3256,32,32.00,4.61*241031030951
UPMHN:2,15.490603801,120.564822276,0.0141,0.0144,62.3192,32,32.00,4.62*241031030953
UPMHN:2,15.490603796,120.564822250,0.0141,0.0101,62.3166,32,32.00,4.61*241031030955
UPMHN:2,15.490603780,120.564822264,0.0141,0.0100,62.3166,32,32.00,4.61*241031030957
UPMHN:2,15.490603798,120.564822255,0.0141,0.0100,62.3147,32,32.00,4.62*241031030959
UPMHN:2,15.490603816,120.564822268,0.0141,0.0105,62.3246,32,32.00,4.59*241031031001
UPMHN:2,15.490603781,120.564822259,0.0141,0.0102,62.3266,32,32.00,4.61*241031031003
UPMHN:2,15.490603790,120.564822248,0.0141,0.0149,62.3204,32,31.75,4.60*241031031005
UPMHN:2,15.490603776,120.564822279,0.0141,0.0105,62.3265,32,32.00,4.60*241031031007
UPMHN:2,15.490603809,120.564822257,0.0141,0.0133,62.3169,32,31.75,4.61*241031031009
UPMHN:2,15.490603816,120.564822252,0.0141,0.0167,62.3097,32,32.00,4.60*241031031011
UPMHN:2,15.490603797,120.564822288,0.0141,0.0107,62.3215,32,31.75,4.60*241031031013
UPMHN:2,15.490603805,120.564822314,0.0141,0.0112,62.3268,32,32.00,4.62*241031031015
UPMHN:2,15.490603768,120.564822313,0.0141,0.0123,62.3292,32,31.75,4.60*241031031017
UPMHN:2,15.490603760,120.564822340,0.0141,0.0132,62.3346,32,32.00,4.61*241031031019
UPMHN:2,15.490603775,120.564822312,0.0141,0.0126,62.3290,32,31.75,4.62*241031031021
UPMHN:2,15.490603787,120.564822320,0.0141,0.0113,62.3254,32,32.00,4.62*241031031023
UPMHN:2,15.490603799,120.564822299,0.0141,0.0115,62.3316,32,31.75,4.62*241031031025
UPMHN:2,15.490603820,120.564822316,0.0141,0.0121,62.3267,32,31.75,4.62*241031031027
UPMHN:2,15.490603793,120.564822302,0.0141,0.0135,62.3331,32,31.75,4.61*241031031029
UPMHN:2,15.490603745,120.564822341,0.0141,0.0132,62.3346,32,32.00,4.61*241031031031
UPMHN:2,15.490603788,120.564822319,0.0141,0.0125,62.3239,32,31.75,4.62*241031031033
UPMHN:2,15.490603774,120.564822296,0.0141,0.0137,62.3191,32,31.75,4.60*241031031035
UPMHN:2,15.490603724,120.564822299,0.0141,0.0147,62.3323,32,31.75,4.61*241031031037
UPMHN:2,15.490603763,120.564822239,0.0141,0.0140,62.3108,32,31.75,4.62*241031031039
UPMHN:2,15.490603797,120.564822220,0.0141,0.0136,62.3064,32,32.00,4.61*241031031041
UPMHN:2,15.490603756,120.564822260,0.0141,0.0133,62.3193,32,31.75,4.61*241031031043
UPMHN:2,15.490603766,120.564822230,0.0141,0.0118,62.3132,32,32.00,4.62*241031031045
UPMHN:2,15.490603735,120.564822232,0.0141,0.0117,62.3087,32,31.75,4.60*241031031047
UPMHN:2,15.490603745,120.564822269,0.0141,0.0115,62.3069,32,32.00,4.63*241031031049
UPMHN:2,15.490603752,120.564822247,0.0141,0.0108,62.2973,32,31.75,4.63*241031031051
UPMHN:2,15.490603737,120.564822243,0.0141,0.0109,62.2933,32,32.00,4.62*241031031053
UPMHN:2,15.490603778,120.564822255,0.0141,0.0116,62.3013,32,32.00,4.63*241031031055
UPMHN:2,15.490603721,120.564822257,0.0141,0.0144,62.3000,32,31.75,4.63*241031031057
UPMHN:2,15.490603699,120.564822286,0.0141,0.0130,62.3005,32,32.00,4.64*241031031059
UPMHN:2,15.490603754,120.564822240,0.0141,0.0142,62.2961,32,32.00,4.60*241031031101
UPMHN:2,15.490603730,120.564822245,0.0141,0.0121,62.2986,32,32.00,4.60*241031031103
UPMHN:2,15.490603717,120.564822234,0.0141,0.0130,62.2987,32,31.75,4.63*241031031105
UPMHN:2,15.490603763,120.564822247,0.0141,0.0128,62.3142,32,32.00,4.63*241031031107
UPMHN:2,15.490603725,120.564822241,0.0141,0.0152,62.3075,32,32.00,4.63*241031031109
UPMHN:2,15.490603710,120.564822244,0.0141,0.0119,62.3086,32,31.75,4.64*241031031111
UPMHN:2,15.490603726,120.564822307,0.0141,0.0111,62.3039,32,32.00,4.61*241031031113
UPMHN:2,15.490603722,120.564822291,0.0141,0.0106,62.3082,32,32.00,4.61*241031031115
UPMHN:2,15.490603723,120.564822277,0.0141,0.0130,62.3052,32,31.75,4.60*241031031117
UPMHN:2,15.490603757,120.564822297,0.0141,0.0103,62.3141,32,32.00,4.60*241031031119
UPMHN:2,15.490603768,120.564822291,0.0141,0.0111,62.3178,32,31.75,4.60*241031031121
UPMHN:2,15.490603772,120.564822284,0.0141,0.0112,62.3163,32,32.00,4.62*241031031123
UPMHN:2,15.490603774,120.564822255,0.0141,0.0148,62.3037,32,31.75,4.60*241031031125
UPMHN:2,15.490603778,120.564822291,0.0141,0.0113,62.3169,32,31.75,4.61*241031031127
UPMHN:2,15.490603774,120.564822305,0.0141,0.0117,62.3154,32,31.75,4.62*241031031129
UPMHN:2,15.490603774,120.564822278,0.0141,0.0100,62.3246,32,31.75,4.64*241031031131
UPMHN:2,15.490603761,120.564822281,0.0141,0.0106,62.3259,32,31.75,4.62*241031031133
UPMHN:2,15.490603773,120.564822277,0.0141,0.0109,62.3263,32,32.00,4.61*241031031135
UPMHN:2,15.490603790,120.564822299,0.0141,0.0100,62.3204,32,32.00,4.62*241031031137
UPMHN:2,15.490603794,120.564822308,0.0141,0.0101,62.3316,32,32.00,4.62*241031031139
UPMHN:2,15.490603780,120.564822321,0.0141,0.0100,62.3329,32,31.75,4.62*241031031141
UPMHN:2,15.490603776,120.564822298,0.0141,0.0100,62.3264,32,32.00,4.60*241031031143
UPMHN:2,15.490603812,120.564822312,0.0141,0.0104,62.3356,32,31.75,4.61*241031031145
UPMHN:2,15.490603807,120.564822323,0.0141,0.0109,62.3368,32,31.75,4.60*241031031147
UPMHN:2,15.490603747,120.564822303,0.0141,0.0100,62.3333,32,31.75,4.62*241031031149
UPMHN:2,15.490603772,120.564822300,0.0141,0.0100,62.3273,32,31.75,4.64*241031031151
UPMHN:2,15.490603800,120.564822294,0.0141,0.0110,62.3224,32,32.00,4.60*241031031153
UPMHN:2,15.490603779,120.564822318,0.0141,0.0100,62.3344,32,31.75,4.61*241031031155
UPMHN:2,15.490603779,120.564822329,0.0141,0.0100,62.3429,32,32.00,4.59*241031031157
UPMHN:2,15.490603802,120.564822335,0.0141,0.0102,62.3427,32,32.00,4.62*241031031159
UPMHN:2,15.490603792,120.564822306,0.0141,0.0100,62.3303,32,31.75,4.61*241031031201
UPMHN:2,15.490603769,120.564822335,0.0141,0.0100,62.3373,32,32.00,4.62*241031031203
UPMHN:2,15.490603768,120.564822329,0.0141,0.0100,62.3305,32,31.75,4.61*241031031205
UPMHN:2,15.490603790,120.564822298,0.0141,0.0100,62.3343,32,31.75,4.60*241031031207
UPMHN:2,15.490603791,120.564822302,0.0141,0.0106,62.3308,32,31.75,4.63*241031031209
UPMHN:2,15.490603785,120.564822294,0.0141,0.0116,62.3327,32,31.75,4.62*241031031211
UPMHN:2,15.490603769,120.564822303,0.0141,0.0111,62.3340,32,31.75,4.60*241031031213
UPMHN:2,15.490603761,120.564822296,0.0141,0.0106,62.3359,32,31.75,4.62*241031031215
UPMHN:2,15.490603754,120.564822282,0.0141,0.0104,62.3327,32,31.75,4.63*241031031217
UPMHN:2,15.490603762,120.564822318,0.0141,0.0108,62.3351,32,31.75,4.60*241031031219
UPMHN:2,15.490603727,120.564822302,0.0141,0.0107,62.3331,32,31.75,4.62*241031031221
UPMHN:2,15.490603725,120.564822288,0.0141,0.0100,62.3268,32,32.00,4.62*241031031223
UPMHN:2,15.490603781,120.564822300,0.0141,0.0106,62.3360,32,31.75,4.60*241031031225
UPMHN:2,15.490603740,120.564822336,0.0141,0.0113,62.3411,32,31.75,4.60*241031031227
UPMHN:2,15.490603728,120.564822343,0.0141,0.0109,62.3446,32,31.75,4.59*241031031229
UPMHN:2,15.490603759,120.564822280,0.0141,0.0100,62.3329,32,31.75,4.60*241031031231
UPMHN:2,15.490603730,120.564822301,0.0141,0.0101,62.3369,32,31.75,4.60*241031031233
UPMHN:2,15.490603697,120.564822297,0.0141,0.0101,62.3309,32,31.75,4.64*241031031235
UPMHN:2,15.490603745,120.564822307,0.0141,0.0104,62.3287,32,31.75,4.62*241031031237
UPMHN:2,15.490603737,120.564822306,0.0141,0.0106,62.3305,32,31.75,4.62*241031031239
UPMHN:2,15.490603765,120.564822294,0.0141,0.0108,62.3310,32,31.75,4.60*241031031241
UPMHN:2,15.490603741,120.564822297,0.0141,0.0103,62.3356,32,31.75,4.62*241031031243
UPMHN:2,15.490603741,120.564822302,0.0141,0.0108,62.3391,32,31.75,4.60*241031031245
UPMHN:2,15.490603745,120.564822282,0.0141,0.0108,62.3400,32,31.75,4.60*241031031247
UPMHN:2,15.490603737,120.564822273,0.0141,0.0103,62.3246,32,31.75,4.60*241031031249
UPMHN:2,15.490603742,120.564822269,0.0141,0.0108,62.3331,32,31.75,4.62*241031031251
UPMHN:2,15.490603699,120.564822275,0.0141,0.0112,62.3305,32,31.75,4.62*241031031253
UPMHN:2,15.490603733,120.564822237,0.0141,0.0114,62.3261,32,32.00,4.61*241031031255
UPMHN:2,15.490603790,120.564822258,0.0141,0.0124,62.3299,32,31.75,4.61*241031031257
UPMHN:2,15.490603800,120.564822277,0.0141,0.0132,62.3377,32,31.75,4.64*241031031259
UPMHN:2,15.490603708,120.564822261,0.0141,0.0129,62.3315,32,31.75,4.60*241031031301
UPMHN:2,15.490603738,120.564822238,0.0141,0.0116,62.3209,32,31.75,4.62*241031031303
UPMHN:2,15.490603773,120.564822238,0.0141,0.0131,62.3201,32,31.75,4.60*241031031305
UPMHN:2,15.490603731,120.564822279,0.0141,0.0131,62.3346,32,31.75,4.62*241031031307
UPMHN:2,15.490603743,120.564822255,0.0141,0.0119,62.3367,32,31.75,4.60*241031031309
UPMHN:2,15.490603777,120.564822229,0.0141,0.0129,62.3431,32,31.75,4.62*241031031311
UPMHN:2,15.490603790,120.564822294,0.0141,0.0141,62.3453,32,31.75,4.59*241031031313
UPMHN:2,15.490603732,120.564822254,0.0141,0.0126,62.3390,32,31.75,4.62*241031031315
UPMHN:2,15.490603704,120.564822258,0.0141,0.0136,62.3400,32,31.75,4.60*241031031317
UPMHN:2,15.490603796,120.564822286,0.0141,0.0144,62.3389,32,31.75,4.61*241031031319
UPMHN:2,15.490603779,120.564822266,0.0141,0.0139,62.3425,32,32.00,4.61*241031031321
UPMHN:2,15.490603770,120.564822267,0.0141,0.0135,62.3377,32,31.75,4.64*241031031323
UPMHN:2,15.490603784,120.564822281,0.0141,0.0121,62.3449,32,31.75,4.60*241031031325
UPMHN:2,15.490603778,120.564822277,0.0141,0.0131,62.3491,32,31.75,4.62*241031031327
UPMHN:2,15.490603784,120.564822269,0.0141,0.0122,62.3493,32,31.75,4.64*241031031329
UPMHN:2,15.490603775,120.564822275,0.0141,0.0112,62.3404,32,31.75,4.62*241031031331
UPMHN:2,15.490603776,120.564822295,0.0141,0.0125,62.3500,32,31.75,4.62*241031031333
UPMHN:2,15.490603796,120.564822316,0.0141,0.0142,62.3521,32,31.75,4.62*241031031335
UPMHN:2,15.490603763,120.564822289,0.0141,0.0110,62.3452,32,32.00,4.61*241031031337
UPMHN:2,15.490603773,120.564822280,0.0141,0.0115,62.3353,32,31.75,4.62*241031031339
UPMHN:2,15.490603788,120.564822255,0.0141,0.0124,62.3402,32,31.75,4.61*241031031341
UPMHN:2,15.490603766,120.564822315,0.0141,0.0119,62.3449,32,31.75,4.61*241031031343
UPMHN:2,15.490603757,120.564822325,0.0141,0.0128,62.3454,32,31.75,4.62*241031031345
UPMHN:2,15.490603761,120.564822327,0.0141,0.0128,62.3449,32,32.00,4.61*241031031347
UPMHN:2,15.490603794,120.564822323,0.0141,0.0118,62.3464,32,31.75,4.61*241031031349
UPMHN:2,15.490603797,120.564822338,0.0141,0.0125,62.3536,32,31.75,4.62*241031031351
UPMHN:2,15.490603822,120.564822335,0.0141,0.0147,62.3585,32,31.75,4.61*241031031353
UPMHN:2,15.490603772,120.564822339,0.0141,0.0111,62.3397,32,31.75,4.61*241031031355
UPMHN:2,15.490603800,120.564822337,0.0141,0.0123,62.3314,32,31.75,4.62*241031031357
UPMHN:2,15.490603815,120.564822343,0.0141,0.0142,62.3227,32,31.75,4.62*241031031359
UPMHN:2,15.490603754,120.564822329,0.0141,0.0116,62.3344,32,32.00,4.59*241031031401
UPMHN:2,15.490603775,120.564822311,0.0141,0.0107,62.3366,32,31.75,4.62*241031031403
UPMHN:2,15.490603787,120.564822318,0.0141,0.0118,62.3426,32,31.75,4.63*241031031405
UPMHN:2,15.490603787,120.564822320,0.0141,0.0115,62.3411,32,31.75,4.60*241031031407
UPMHN:2,15.490603775,120.564822332,0.0141,0.0115,62.3408,32,31.75,4.59*241031031409
UPMHN:2,15.490603758,120.564822338,0.0141,0.0116,62.3387,32,31.75,4.61*241031031411
UPMHN:2,15.490603771,120.564822324,0.0141,0.0118,62.3391,32,31.75,4.60*241031031413
UPMHN:2,15.490603781,120.564822314,0.0141,0.0136,62.3344,32,31.75,4.61*241031031415
UPMHN:2,15.490603790,120.564822336,0.0141,0.0139,62.3377,32,31.75,4.60*241031031417
UPMHN:2,15.490603739,120.564822324,0.0141,0.0126,62.3300,32,32.00,4.62*241031031419
UPMHN:2,15.490603761,120.564822304,0.0141,0.0130,62.3185,32,31.75,4.63*241031031421
UPMHN:2,15.490603761,120.564822327,0.0141,0.0129,62.3209,32,31.75,4.62*241031031423
UPMHN:2,15.490603776,120.564822297,0.0141,0.0147,62.3375,32,31.75,4.60*241031031425
UPMHN:2,15.490603758,120.564822303,0.0141,0.0109,62.3376,32,31.75,4.59*241031031427
UPMHN:2,15.490603739,120.564822283,0.0141,0.0133,62.3475,32,31.75,4.60*241031031429
UPMHN:2,15.490603797,120.564822273,0.0141,0.0107,62.3331,32,31.75,4.60*241031031431
UPMHN:2,15.490603755,120.564822296,0.0141,0.0100,62.3329,32,31.75,4.62*241031031433
UPMHN:2,15.490603761,120.564822330,0.0141,0.0106,62.3432,32,31.75,4.63*241031031435
UPMHN:2,15.490603767,120.564822309,0.0141,0.0125,62.3382,32,31.75,4.60*241031031437
UPMHN:2,15.490603757,120.564822291,0.0141,0.0100,62.3286,32,31.75,4.60*241031031439
UPMHN:2,15.490603725,120.564822249,0.0141,0.0100,62.3280,32,31.75,4.60*241031031441
UPMHN:2,15.490603785,120.564822265,0.0141,0.0100,62.3333,32,31.75,4.62*241031031443
UPMHN:2,15.490603763,120.564822278,0.0141,0.0100,62.3314,32,31.75,4.62*241031031445
UPMHN:2,15.490603752,120.564822277,0.0141,0.0123,62.3341,32,31.75,4.60*241031031447
UPMHN:2,15.490603744,120.564822272,0.0141,0.0100,62.3249,32,31.75,4.62*241031031449
UPMHN:2,15.490603752,120.564822289,0.0141,0.0103,62.3215,32,31.75,4.64*241031031451
UPMHN:2,15.490603767,120.564822278,0.0141,0.0110,62.3111,32,31.75,4.62*241031031453
UPMHN:2,15.490603728,120.564822268,0.0141,0.0100,62.3270,32,31.75,4.62*241031031455
UPMHN:2,15.490603721,120.564822289,0.0141,0.0100,62.3305,32,31.75,4.64*241031031457
UPMHN:2,15.490603745,120.564822288,0.0141,0.0104,62.3285,32,31.75,4.60*241031031459
UPMHN:2,15.490603707,120.564822268,0.0141,0.0100,62.3236,32,31.75,4.62*241031031501
UPMHN:2,15.490603701,120.564822260,0.0141,0.0110,62.3288,32,31.75,4.61*241031031503
UPMHN:2,15.490603725,120.564822256,0.0141,0.0115,62.3302,32,31.75,4.60*241031031505
UPMHN:2,15.490603722,120.564822280,0.0141,0.0103,62.3270,32,32.00,4.62*241031031507
UPMHN:2,15.490603703,120.564822295,0.0141,0.0100,62.3189,32,31.75,4.60*241031031509
UPMHN:2,15.490603700,120.564822306,0.0141,0.0125,62.3117,32,31.75,4.64*241031031511
UPMHN:2,15.490603686,120.564822316,0.0141,0.0107,62.3250,32,31.75,4.62*241031031513
UPMHN:2,15.490603721,120.564822331,0.0141,0.0121,62.3355,32,31.75,4.60*241031031515
UPMHN:2,15.490603720,120.564822308,0.0141,0.0164,62.3313,32,31.75,4.60*241031031517
UPMHN:2,15.490603718,120.564822305,0.0141,0.0100,62.3269,32,31.75,4.62*241031031519
UPMHN:2,15.490603684,120.564822329,0.0141,0.0100,62.3206,32,31.75,4.60*241031031521
UPMHN:2,15.490603701,120.564822336,0.0141,0.0104,62.3150,32,31.75,4.60*241031031523
UPMHN:2,15.490603690,120.564822339,0.0141,0.0114,62.3299,32,32.00,4.64*241031031525
UPMHN:2,15.490603700,120.564822348,0.0141,0.0112,62.3284,32,31.75,4.61*241031031527
UPMHN:2,15.490603710,120.564822355,0.0141,0.0115,62.3244,32,31.75,4.62*241031031529
UPMHN:2,15.490603712,120.564822352,0.0141,0.0111,62.3190,32,31.75,4.61*241031031531
UPMHN:2,15.490603691,120.564822331,0.0141,0.0120,62.3201,32,31.75,4.59*241031031533
UPMHN:2,15.490603725,120.564822386,0.0141,0.0119,62.3384,32,31.75,4.60*241031031535
UPMHN:2,15.490603764,120.564822387,0.0141,0.0118,62.3308,32,31.75,4.62*241031031537
UPMHN:2,15.490603739,120.564822353,0.0141,0.0100,62.3249,32,31.75,4.62*241031031539
UPMHN:2,15.490603699,120.564822373,0.0141,0.0100,62.3222,32,31.75,4.63*241031031541
UPMHN:2,15.490603754,120.564822346,0.0141,0.0104,62.3208,32,31.75,4.63*241031031543
UPMHN:2,15.490603742,120.564822349,0.0141,0.0102,62.3223,32,31.75,4.61*241031031545
UPMHN:2,15.490603721,120.564822338,0.0141,0.0100,62.3208,32,31.75,4.64*241031031547
UPMHN:2,15.490603729,120.564822382,0.0141,0.0114,62.3296,32,31.75,4.62*241031031549
UPMHN:2,15.490603775,120.564822355,0.0141,0.0112,62.3166,32,31.75,4.60*241031031551
UPMHN:2,15.490603766,120.564822358,0.0141,0.0105,62.3119,32,31.75,4.62*241031031553
UPMHN:2,15.490603685,120.564822372,0.0141,0.0100,62.3238,32,31.75,4.62*241031031555
UPMHN:2,15.490603768,120.564822342,0.0141,0.0111,62.3319,32,31.75,4.61*241031031557
UPMHN:2,15.490603794,120.564822335,0.0141,0.0128,62.3360,32,31.75,4.62*241031031559
UPMHN:2,15.490603710,120.564822374,0.0141,0.0103,62.3306,32,31.75,4.61*241031031601
UPMHN:2,15.490603696,120.564822347,0.0141,0.0103,62.3181,32,31.75,4.64*241031031603
UPMHN:2,15.490603707,120.564822372,0.0141,0.0118,62.3191,32,31.75,4.63*241031031605
UPMHN:2,15.490603750,120.564822337,0.0141,0.0106,62.3152,32,31.75,4.63*241031031607
UPMHN:2,15.490603694,120.564822343,0.0141,0.0114,62.3149,32,31.75,4.61*241031031609
UPMHN:2,15.490603681,120.564822322,0.0141,0.0107,62.3171,32,31.75,4.63*241031031611
UPMHN:2,15.490603751,120.564822335,0.0141,0.0108,62.3169,32,32.00,4.62*241031031613
UPMHN:2,15.490603716,120.564822329,0.0141,0.0110,62.3187,32,31.75,4.61*241031031615
UPMHN:2,15.490603686,120.564822334,0.0141,0.0106,62.3137,32,31.75,4.63*241031031617
UPMHN:2,15.490603721,120.564822301,0.0141,0.0113,62.3187,32,31.75,4.61*241031031619
UPMHN:2,15.490603738,120.564822307,0.0141,0.0120,62.3182,32,31.75,4.61*241031031621
UPMHN:2,15.490603761,120.564822313,0.0141,0.0137,62.3252,32,32.00,4.61*241031031623
UPMHN:2,15.490603714,120.564822290,0.0141,0.0112,62.3199,32,31.75,4.61*241031031625
UPMHN:2,15.490603706,120.564822263,0.0141,0.0107,62.3126,32,31.75,4.60*241031031627
UPMHN:2,15.490603717,120.564822247,0.0141,0.0108,62.3139,32,31.75,4.62*241031031629
UPMHN:2,15.490603701,120.564822251,0.0141,0.0109,62.3264,32,31.75,4.62*241031031631
UPMHN:2,15.490603724,120.564822254,0.0141,0.0119,62.3329,32,31.75,4.62*241031031633
UPMHN:2,15.490603738,120.564822281,0.0141,0.0124,62.3469,32,31.75,4.62*241031031635
UPMHN:2,15.490603690,120.564822249,0.0141,0.0102,62.3293,32,31.75,4.62*241031031637
UPMHN:2,15.490603744,120.564822227,0.0141,0.0107,62.3224,32,31.75,4.62*241031031639
UPMHN:2,15.490603726,120.564822218,0.0141,0.0110,62.3232,32,31.75,4.62*241031031641
UPMHN:2,15.490603715,120.564822253,0.0141,0.0112,62.3326,32,31.75,4.60*241031031643
UPMHN:2,15.490603769,120.564822277,0.0141,0.0125,62.3455,32,31.75,4.60*241031031645
UPMHN:2,15.490603810,120.564822309,0.0141,0.0158,62.3595,32,31.75,4.62*241031031647
UPMHN:2,15.490603721,120.564822227,0.0141,0.0103,62.3227,32,31.75,4.61*241031031649
UPMHN:2,15.490603711,120.564822220,0.0141,0.0102,62.3166,32,31.75,4.61*241031031651
UPMHN:2,15.490603715,120.564822254,0.0141,0.0111,62.3238,32,31.75,4.60*241031031653
UPMHN:2,15.490603724,120.564822214,0.0141,0.0103,62.3221,32,31.75,4.62*241031031655
UPMHN:2,15.490603732,120.564822229,0.0141,0.0113,62.3233,32,31.75,4.61*241031031657
UPMHN:2,15.490603721,120.564822270,0.0141,0.0134,62.3363,32,31.75,4.60*241031031659
UPMHN:2,15.490603723,120.564822248,0.0141,0.0110,62.3152,32,31.75,4.63*241031031701
UPMHN:2,15.490603729,120.564822250,0.0141,0.0105,62.3204,32,31.75,4.61*241031031703
UPMHN:2,15.490603729,120.564822276,0.0141,0.0118,62.3276,32,31.75,4.62*241031031705
UPMHN:2,15.490603731,120.564822209,0.0141,0.0106,62.3245,32,31.75,4.62*241031031707
UPMHN:2,15.490603727,120.564822248,0.0141,0.0120,62.3319,32,31.75,4.63*241031031709
UPMHN:2,15.490603745,120.564822250,0.0141,0.0128,62.3371,32,31.75,4.64*241031031711
UPMHN:2,15.490603733,120.564822262,0.0141,0.0107,62.3134,32,31.75,4.61*241031031713
UPMHN:2,15.490603740,120.564822265,0.0141,0.0118,62.3178,32,31.75,4.61*241031031715
UPMHN:2,15.490603763,120.564822275,0.0141,0.0144,62.3118,32,31.75,4.62*241031031717
UPMHN:2,15.490603745,120.564822253,0.0141,0.0124,62.3152,32,31.75,4.59*241031031719
UPMHN:2,15.490603744,120.564822237,0.0141,0.0108,62.3157,32,31.75,4.61*241031031721
UPMHN:2,15.490603763,120.564822263,0.0141,0.0127,62.3263,32,31.75,4.62*241031031723
UPMHN:2,15.490603774,120.564822232,0.0141,0.0122,62.3196,32,31.75,4.63*241031031725
UPMHN:2,15.490603739,120.564822238,0.0141,0.0115,62.3083,32,31.75,4.62*241031031727
UPMHN:2,15.490603731,120.564822262,0.0141,0.0116,62.3035,32,31.75,4.60*241031031729
UPMHN:2,15.490603762,120.564822264,0.0141,0.0129,62.3174,32,31.75,4.61*241031031731
UPMHN:2,15.490603728,120.564822253,0.0141,0.0111,62.3180,32,31.75,4.60*241031031733
UPMHN:2,15.490603698,120.564822238,0.0141,0.0107,62.3165,32,31.75,4.61*241031031735
UPMHN:2,15.490603745,120.564822240,0.0141,0.0122,62.3187,32,31.75,4.59*241031031737
UPMHN:2,15.490603757,120.564822242,0.0141,0.0148,62.3113,32,31.75,4.60*241031031739
UPMHN:2,15.490603738,120.564822224,0.0141,0.0137,62.3036,32,31.75,4.62*241031031741
UPMHN:2,15.490603688,120.564822247,0.0141,0.0127,62.3204,32,31.75,4.62*241031031743
UPMHN:2,15.490603717,120.564822247,0.0141,0.0129,62.3209,32,31.75,4.63*241031031745
UPMHN:2,15.490603700,120.564822261,0.0141,0.0131,62.3216,32,31.75,4.59*241031031747
UPMHN:2,15.490603652,120.564822236,0.0141,0.0128,62.3252,32,31.75,4.61*241031031749
UPMHN:2,15.490603721,120.564822257,0.0141,0.0130,62.3313,32,31.75,4.62*241031031751
UPMHN:2,15.490603732,120.564822277,0.0141,0.0130,62.3331,32,31.75,4.59*241031031753
UPMHN:2,15.490603714,120.564822301,0.0141,0.0139,62.3226,32,31.75,4.62*241031031755
UPMHN:2,15.490603684,120.564822272,0.0141,0.0114,62.3276,32,31.75,4.62*241031031757
UPMHN:2,15.490603678,120.564822293,0.0141,0.0122,62.3381,32,31.75,4.60*241031031759
UPMHN:2,15.490603700,120.564822290,0.0141,0.0125,62.3394,32,31.75,4.59*241031031801
UPMHN:2,15.490603706,120.564822271,0.0141,0.0120,62.3459,32,31.75,4.60*241031031803
UPMHN:2,15.490603713,120.564822325,0.0141,0.0135,62.3485,32,31.75,4.60*241031031805
UPMHN:2,15.490603699,120.564822343,0.0141,0.0143,62.3399,32,31.75,4.60*241031031807
UPMHN:2,15.490603694,120.564822293,0.0141,0.0154,62.3292,32,31.75,4.60*241031031809
UPMHN:2,15.490603680,120.564822308,0.0141,0.0127,62.3314,32,31.75,4.61*241031031811
UPMHN:2,15.490603694,120.564822239,0.0141,0.0124,62.3247,32,31.75,4.59*241031031813
UPMHN:2,15.490603685,120.564822258,0.0141,0.0125,62.3280,32,31.75,4.63*241031031815
UPMHN:2,15.490603672,120.564822285,0.0141,0.0136,62.3308,32,31.75,4.63*241031031817
UPMHN:2,15.490603703,120.564822278,0.0141,0.0139,62.3312,32,31.75,4.60*241031031819
UPMHN:2,15.490603711,120.564822261,0.0141,0.0146,62.3258,32,31.75,4.60*241031031821
UPMHN:2,15.490603668,120.564822267,0.0141,0.0136,62.3279,32,31.75,4.60*241031031823
UPMHN:2,15.490603670,120.564822286,0.0141,0.0149,62.3291,32,31.75,4.62*241031031825
UPMHN:2,15.490603711,120.564822264,0.0141,0.0140,62.3253,32,31.75,4.64*241031031827
UPMHN:2,15.490603705,120.564822295,0.0141,0.0138,62.3238,32,31.75,4.61*241031031829
UPMHN:2,15.490603661,120.564822276,0.0141,0.0155,62.3198,32,31.75,4.59*241031031831
UPMHN:2,15.490603684,120.564822256,0.0141,0.0142,62.3229,32,31.75,4.62*241031031833
UPMHN:2,15.490603655,120.564822302,0.0141,0.0177,62.3239,32,31.75,4.59*241031031835
UPMHN:2,15.490603643,120.564822318,0.0141,0.0163,62.3148,32,31.75,4.60*241031031837
UPMHN:2,15.490603678,120.564822317,0.0141,0.0163,62.3123,32,31.75,4.64*241031031839
UPMHN:2,15.490603679,120.564822335,0.0141,0.0148,62.3122,32,31.75,4.60*241031031841
UPMHN:2,15.490603684,120.564822313,0.0141,0.0139,62.3169,32,31.75,4.62*241031031843
UPMHN:2,15.490603677,120.564822315,0.0141,0.0135,62.3241,32,31.75,4.64*241031031845
UPMHN:2,15.490603663,120.564822323,0.0141,0.0144,62.3263,32,31.75,4.62*241031031847
UPMHN:2,15.490603666,120.564822309,0.0141,0.0135,62.3162,32,31.75,4.60*241031031849
UPMHN:2,15.490603707,120.564822313,0.0141,0.0121,62.3194,32,31.75,4.63*241031031851
UPMHN:2,15.490603714,120.564822323,0.0141,0.0179,62.3078,32,31.75,4.64*241031031853
UPMHN:2,15.490603716,120.564822311,0.0141,0.0140,62.3177,32,31.75,4.62*241031031855
UPMHN:2,15.490603719,120.564822296,0.0141,0.0123,62.3201,32,31.75,4.63*241031031857
UPMHN:2,15.490603744,120.564822308,0.0141,0.0174,62.3184,32,31.75,4.60*241031031859
UPMHN:2,15.490603706,120.564822349,0.0141,0.0162,62.3224,32,31.75,4.61*241031031901
UPMHN:2,15.490603723,120.564822388,0.0141,0.0157,62.3289,32,31.75,4.62*241031031903
UPMHN:2,15.490603738,120.564822401,0.0141,0.0169,62.3264,32,31.75,4.62*241031031905
UPMHN:2,15.490603709,120.564822374,0.0141,0.0167,62.3267,32,31.75,4.62*241031031907
UPMHN:2,15.490603714,120.564822355,0.0141,0.0163,62.3219,32,31.75,4.62*241031031909
UPMHN:2,15.490603729,120.564822354,0.0141,0.0149,62.3249,32,31.75,4.62*241031031911
UPMHN:2,15.490603740,120.564822327,0.0141,0.0170,62.3244,32,31.75,4.59*241031031913
UPMHN:2,15.490603745,120.564822363,0.0141,0.0164,62.3314,32,31.75,4.60*241031031915
UPMHN:2,15.490603749,120.564822346,0.0141,0.0146,62.3269,32,31.75,4.62*241031031917
UPMHN:2,15.490603736,120.564822334,0.0141,0.0171,62.3260,32,31.75,4.62*241031031919
UPMHN:2,15.490603718,120.564822338,0.0141,0.0144,62.3274,32,31.75,4.60*241031031921
UPMHN:2,15.490603705,120.564822348,0.0141,0.0145,62.3234,32,31.75,4.60*241031031923
UPMHN:2,15.490603731,120.564822346,0.0141,0.0167,62.3374,32,31.75,4.61*241031031925
UPMHN:2,15.490603721,120.564822388,0.0141,0.0146,62.3376,32,31.75,4.60*241031031927
UPMHN:2,15.490603721,120.564822375,0.0141,0.0140,62.3332,32,31.75,4.60*241031031929
UPMHN:2,15.490603678,120.564822364,0.0141,0.0124,62.3422,32,31.75,4.64*241031031931
UPMHN:2,15.490603709,120.564822362,0.0141,0.0123,62.3444,31,31.75,4.60*241031031933
UPMHN:2,15.490603721,120.564822339,0.0141,0.0142,62.3459,31,31.75,4.63*241031031935
UPMHN:2,15.490603684,120.564822349,0.0141,0.0128,62.3393,32,31.75,4.61*241031031937
UPMHN:2,15.490603713,120.564822359,0.0141,0.0125,62.3406,32,31.75,4.60*241031031939
UPMHN:2,15.490603717,120.564822370,0.0141,0.0158,62.3378,32,31.75,4.62*241031031941
UPMHN:2,15.490603663,120.564822335,0.0141,0.0160,62.3344,32,31.75,4.62*241031031943
UPMHN:2,15.490603649,120.564822342,0.0141,0.0118,62.3377,32,31.75,4.62*241031031945
UPMHN:2,15.490603682,120.564822352,0.0141,0.0150,62.3393,32,31.75,4.62*241031031947
UPMHN:2,15.490603681,120.564822369,0.0141,0.0130,62.3416,32,31.75,4.61*241031031949
UPMHN:2,15.490603645,120.564822351,0.0141,0.0122,62.3413,32,31.75,4.62*241031031951
UPMHN:2,15.490603662,120.564822321,0.0141,0.0116,62.3404,32,31.75,4.61*241031031953
UPMHN:2,15.490603687,120.564822331,0.0141,0.0144,62.3376,32,31.75,4.60*241031031955
UPMHN:2,15.490603665,120.564822329,0.0141,0.0109,62.3363,32,31.75,4.60*241031031957
UPMHN:2,15.490603636,120.564822285,0.0141,0.0133,62.3207,32,31.75,4.61*241031031959
UPMHN:2,15.490603690,120.564822306,0.0141,0.0136,62.3237,32,31.75,4.62*241031032001
UPMHN:2,15.490603691,120.564822318,0.0141,0.0126,62.3313,32,31.75,4.62*241031032003
UPMHN:2,15.490603649,120.564822303,0.0141,0.0135,62.3351,32,31.75,4.64*241031032005
UPMHN:2,15.490603665,120.564822312,0.0141,0.0137,62.3288,32,31.75,4.60*241031032007
UPMHN:2,15.490603719,120.564822321,0.0141,0.0163,62.3403,32,31.75,4.61*241031032009
UPMHN:2,15.490603762,120.564822329,0.0141,0.0200,62.3430,32,31.75,4.60*241031032011
UPMHN:2,15.490603681,120.564822341,0.0141,0.0149,62.3337,32,31.75,4.62*241031032013
UPMHN:2,15.490603644,120.564822316,0.0141,0.0125,62.3264,32,31.75,4.62*241031032015
UPMHN:2,15.490603656,120.564822318,0.0141,0.0131,62.3321,32,31.75,4.60*241031032017
UPMHN:2,15.490603718,120.564822371,0.0141,0.0129,62.3291,32,31.75,4.60*241031032019
