site,fix,lat,lon,hacc,vacc,msl,sat,temp,volt,ts
TESUA:0,0.000000000,0.000000000,429496.7188,429496.7188,-17.0000,0,29.75,4.59*230904135525
TESUA:0,0.000000000,0.000000000,429496.7188,429496.7188,-17.0000,0,29.75,4.57*230904135527
TESUA:0,14.651949883,121.058441162,3.6350,4.8203,89.8686,6,30.00,4.57*230904135529
TESUA:0,14.651947021,121.058441162,2.7948,3.8800,89.2071,6,29.75,4.59*230904135531
TESUA:0,14.651944160,121.058441162,2.7184,3.7911,88.3459,6,30.00,4.59*230904135533
TESUA:0,14.651940346,121.058441162,2.6351,3.6674,87.2627,7,30.00,4.59*230904135535
TESUA:0,14.651930809,121.058448792,2.4030,3.2936,84.5357,12,30.00,4.53*230904135537
TESUA:0,14.651922226,121.058448792,2.0646,2.7930,82.2601,12,30.00,4.59*230904135539
TESUA:0,14.651919365,121.058441162,1.8490,2.4991,81.2417,12,30.00,4.59*230904135541
TESUA:0,14.651920319,121.058441162,1.6372,2.2556,80.6404,16,30.00,4.58*230904135543
TESUA:0,14.651921272,121.058441162,1.4662,2.0520,80.0954,16,30.00,4.59*230904135545
TESUA:0,14.651922226,121.058441162,1.3201,1.8714,79.7189,20,29.75,4.59*230904135547
TESUA:0,14.651924133,121.058441162,1.2051,1.7238,79.4238,20,30.00,4.59*230904135549
TESUA:0,14.651925087,121.058441162,1.1097,1.6005,79.3060,20,30.00,4.58*230904135551
TESUA:0,14.651926041,121.058433533,1.0335,1.5008,79.2478,20,30.00,4.59*230904135553
TESUA:0,14.651926994,121.058433533,0.9721,1.4193,79.2125,20,30.00,4.59*230904135555
TESUA:0,14.651927948,121.058433533,0.9216,1.3516,79.1884,20,30.00,4.59*230904135557
TESUA:0,14.651928902,121.058433533,0.8785,1.2924,79.1544,21,30.00,4.59*230904135559
TESUA:0,14.651928902,121.058433533,0.8413,1.2400,79.1323,21,30.00,4.58*230904135601
TESUA:0,14.651929855,121.058433533,0.8093,1.1946,79.1156,21,30.00,4.59*230904135603
TESUA:0,14.651930809,121.058433533,0.7816,1.1555,79.1060,21,30.00,4.60*230904135605
TESUA:0,14.651930809,121.058433533,0.7531,1.1205,79.0914,23,30.00,4.59*230904135607
TESUA:0,14.651931763,121.058433533,0.7262,1.0891,79.0874,23,30.00,4.59*230904135609
TESUA:0,14.651931763,121.058433533,0.7022,1.0612,79.1061,23,30.25,4.60*230904135611
TESUA:0,14.651932716,121.058433533,0.6811,1.0365,79.1202,23,30.25,4.59*230904135613
TESUA:0,14.651932716,121.058433533,0.6622,1.0144,79.1433,23,30.00,4.59*230904135615
TESUA:0,14.651933670,121.058433533,0.6453,0.9944,79.1648,23,30.25,4.59*230904135617
TESUA:0,14.651933670,121.058433533,0.6303,0.9763,79.1978,23,30.25,4.59*230904135619
TESUA:0,14.651933670,121.058433533,0.6172,0.9598,79.2347,23,30.00,4.58*230904135621
TESUA:0,14.651934624,121.058433533,0.6053,0.9449,79.2609,24,30.25,4.59*230904135623
TESUA:0,14.651934624,121.058433533,0.5943,0.9310,79.2953,24,30.25,4.59*230904135625
TESUA:0,14.651934624,121.058433533,0.5844,0.9185,79.3220,24,30.25,4.58*230904135627
TESUA:0,14.651935577,121.058433533,0.5752,0.9072,79.3495,24,30.25,4.58*230904135629
TESUA:0,14.651935577,121.058433533,0.5671,0.8968,79.3760,24,30.25,4.60*230904135631
TESUA:0,14.651935577,121.058433533,0.5598,0.8873,79.4024,24,30.25,4.59*230904135633
TESUA:0,14.651936531,121.058433533,0.5528,0.8787,79.4307,24,30.25,4.58*230904135635
TESUA:0,14.651936531,121.058433533,0.5465,0.8700,79.4591,25,30.25,4.58*230904135637
TESUA:0,14.651936531,121.058441162,0.5402,0.8614,79.4704,25,30.25,4.54*230904135639
TESUA:0,14.651936531,121.058441162,0.5348,0.8536,79.4949,25,30.25,4.58*230904135641
TESUA:0,14.651937485,121.058441162,0.5297,0.8462,79.5180,25,30.50,4.59*230904135643
TESUA:0,14.651937485,121.058441162,0.5242,0.8372,79.5592,26,30.25,4.60*230904135645
TESUA:0,14.651937485,121.058441162,0.5192,0.8286,79.5843,26,30.25,4.57*230904135647
TESUA:0,14.651937485,121.058441162,0.5149,0.8209,79.6047,26,30.25,4.58*230904135649
TESUA:0,14.651938438,121.058441162,0.5108,0.8137,79.6258,26,30.50,4.59*230904135651
TESUA:0,14.651938438,121.058441162,0.5071,0.8071,79.6462,26,30.50,4.59*230904135653
TESUA:0,14.651938438,121.058441162,0.5037,0.8010,79.6662,26,30.25,4.59*230904135655
TESUA:0,14.651938438,121.058441162,0.5006,0.7955,79.6769,26,30.50,4.59*230904135657
TESUA:0,14.651939392,121.058441162,0.4976,0.7903,79.6788,26,30.50,4.59*230904135659
TESUA:0,14.651939392,121.058441162,0.4952,0.7856,79.6809,26,30.50,4.59*230904135701
TESUA:0,14.651939392,121.058441162,0.4931,0.7813,79.6705,26,30.50,4.59*230904135703
TESUA:0,14.651939392,121.058441162,0.4911,0.7773,79.6603,26,30.50,4.58*230904135705
TESUA:0,14.651939392,121.058441162,0.4893,0.7737,79.6406,26,30.50,4.58*230904135707
TESUA:0,14.651939392,121.058441162,0.4878,0.7704,79.6224,26,30.50,4.59*230904135709
TESUA:0,14.651939392,121.058441162,0.4865,0.7674,79.6009,26,30.50,4.60*230904135711
TESUA:0,14.651940346,121.058441162,0.4850,0.7645,79.5779,26,30.50,4.58*230904135713
TESUA:0,14.651940346,121.058441162,0.4839,0.7621,79.5488,26,30.75,4.58*230904135715
TESUA:0,14.651940346,121.058441162,0.4829,0.7599,79.5219,26,30.50,4.60*230904135717
TESUA:0,14.651940346,121.058441162,0.4820,0.7581,79.4959,26,30.75,4.59*230904135719
TESUA:0,14.651940346,121.058441162,0.4812,0.7562,79.4681,26,30.50,4.59*230904135721
TESUA:0,14.651940346,121.058441162,0.4807,0.7545,79.4360,26,30.75,4.59*230904135723
TESUA:0,14.651940346,121.058441162,0.4803,0.7534,79.3971,26,30.50,4.57*230904135725
TESUA:0,14.651940346,121.058441162,0.4799,0.7526,79.3592,26,30.50,4.59*230904135727
TESUA:0,14.651940346,121.058441162,0.4794,0.7518,79.3152,26,30.50,4.57*230904135729
TESUA:0,14.651940346,121.058441162,0.4791,0.7510,79.2738,26,30.75,4.58*230904135731
TESUA:0,14.651940346,121.058441162,0.4788,0.7503,79.2291,26,30.75,4.60*230904135733
TESUA:0,14.651940346,121.058441162,0.4786,0.7498,79.1853,26,30.75,4.58*230904135735
TESUA:0,14.651940346,121.058441162,0.4780,0.7488,79.1293,27,30.75,4.59*230904135737
TESUA:0,14.651940346,121.058441162,0.4757,0.7465,79.0777,28,30.75,4.59*230904135739
TESUA:0,14.651940346,121.058441162,0.4731,0.7441,79.0345,28,30.75,4.58*230904135741
TESUA:0,14.651940346,121.058441162,0.4708,0.7420,78.9849,28,30.75,4.57*230904135743
TESUA:0,14.651940346,121.058441162,0.4687,0.7400,78.9464,28,30.75,4.59*230904135745
TESUA:0,14.651940346,121.058441162,0.4667,0.7383,78.9080,28,30.75,4.65*230904135747
TESUA:0,14.651940346,121.058441162,0.4649,0.7368,78.8697,28,30.75,4.59*230904135749
TESUA:0,14.651941299,121.058441162,0.4634,0.7356,78.8438,28,30.75,4.59*230904135751
TESUA:0,14.651941299,121.058441162,0.4619,0.7342,78.8089,28,30.75,4.58*230904135753
TESUA:0,14.651941299,121.058441162,0.4607,0.7330,78.7844,28,30.75,4.59*230904135755
TESUA:0,14.651941299,121.058441162,0.4596,0.7318,78.7653,28,30.75,4.59*230904135757
TESUA:0,14.651941299,121.058441162,0.4585,0.7307,78.7443,28,30.75,4.59*230904135759
TESUA:0,14.651941299,121.058441162,0.4576,0.7296,78.7174,28,30.75,4.59*230904135801
TESUA:0,14.651941299,121.058441162,0.4566,0.7283,78.6951,28,30.75,4.58*230904135803
TESUA:0,14.651941299,121.058441162,0.4556,0.7272,78.6757,28,30.75,4.59*230904135805
TESUA:0,14.651941299,121.058441162,0.4547,0.7260,78.6556,28,30.75,4.59*230904135807
TESUA:0,14.651941299,121.058441162,0.4541,0.7251,78.6377,28,30.75,4.59*230904135809
TESUA:0,14.651941299,121.058441162,0.4534,0.7239,78.6159,28,30.75,4.58*230904135811
TESUA:0,14.651941299,121.058441162,0.4528,0.7230,78.6000,28,30.75,4.59*230904135813
TESUA:0,14.651941299,121.058441162,0.4523,0.7220,78.5893,28,30.75,4.59*230904135815
TESUA:0,14.651941299,121.058441162,0.4519,0.7210,78.5778,28,30.75,4.59*230904135817
TESUA:0,14.651941299,121.058441162,0.4515,0.7199,78.5710,28,30.75,4.59*230904135819
TESUA:0,14.651941299,121.058441162,0.4511,0.7189,78.5782,28,30.75,4.59*230904135821
TESUA:0,14.651941299,121.058441162,0.4506,0.7180,78.5819,28,30.75,4.58*230904135823
TESUA:0,14.651941299,121.058441162,0.4502,0.7171,78.5918,28,30.75,4.59*230904135825
TESUA:0,14.651941299,121.058441162,0.4499,0.7162,78.5964,28,30.75,4.59*230904135827
TESUA:0,14.651941299,121.058441162,0.4494,0.7152,78.6007,28,31.00,4.59*230904135829
TESUA:0,14.651942253,121.058441162,0.4491,0.7144,78.6135,28,30.75,4.59*230904135831
TESUA:0,14.651942253,121.058441162,0.4488,0.7137,78.6298,28,30.75,4.59*230904135833
TESUA:0,14.651942253,121.058441162,0.4483,0.7122,78.6650,29,30.75,4.59*230904135835
TESUA:0,14.651942253,121.058441162,0.4477,0.7102,78.7080,29,30.75,4.59*230904135837
TESUA:0,14.651942253,121.058441162,0.4472,0.7083,78.7601,29,30.75,4.60*230904135839
TESUA:0,14.651942253,121.058441162,0.4466,0.7065,78.8088,29,31.00,4.59*230904135841
TESUA:0,14.651942253,121.058441162,0.4461,0.7048,78.8603,29,31.00,4.59*230904135843
TESUA:0,14.651942253,121.058441162,0.4455,0.7033,78.9044,29,31.00,4.59*230904135845
TESUA:0,14.651942253,121.058441162,0.4449,0.7017,78.9505,29,31.00,4.59*230904135847
TESUA:0,14.651942253,121.058441162,0.4444,0.7001,78.9994,29,31.00,4.59*230904135849
TESUA:0,14.651942253,121.058441162,0.4440,0.6986,79.0614,29,31.00,4.60*230904135851
TESUA:0,14.651942253,121.058441162,0.4436,0.6972,79.1158,29,31.00,4.57*230904135853
TESUA:0,14.651942253,121.058441162,0.4432,0.6958,79.1673,29,31.00,4.58*230904135855
TESUA:0,14.651942253,121.058441162,0.4428,0.6945,79.2023,29,31.00,4.59*230904135857
TESUA:0,14.651943207,121.058441162,0.4424,0.6933,79.2453,29,31.00,4.59*230904135859
TESUA:0,14.651943207,121.058441162,0.4419,0.6918,79.2784,29,31.00,4.59*230904135901
TESUA:0,14.651943207,121.058441162,0.4415,0.6903,79.3227,29,31.00,4.59*230904135903
TESUA:0,14.651943207,121.058441162,0.4410,0.6889,79.3630,29,31.00,4.59*230904135905
TESUA:0,14.651943207,121.058441162,0.4407,0.6879,79.4002,29,31.00,4.54*230904135907
TESUA:0,14.651943207,121.058441162,0.4405,0.6869,79.4376,29,31.00,4.59*230904135909
TESUA:0,14.651943207,121.058441162,0.4403,0.6861,79.4703,29,31.00,4.60*230904135911
TESUA:0,14.651943207,121.058441162,0.4402,0.6852,79.5034,29,31.00,4.59*230904135913
TESUA:0,14.651943207,121.058441162,0.4401,0.6844,79.5456,29,31.25,4.59*230904135915
TESUA:0,14.651943207,121.058441162,0.4402,0.6837,79.5835,29,31.00,4.59*230904135917
TESUA:0,14.651943207,121.058441162,0.4401,0.6830,79.6144,29,31.00,4.58*230904135919
TESUA:0,14.651943207,121.058441162,0.4402,0.6827,79.6483,29,31.25,4.63*230904135921
TESUA:0,14.651943207,121.058441162,0.4402,0.6825,79.6742,29,31.25,4.58*230904135923
TESUA:0,14.651943207,121.058441162,0.4403,0.6824,79.7053,29,31.25,4.59*230904135925
TESUA:0,14.651943207,121.058441162,0.4403,0.6823,79.7381,29,31.25,4.58*230904135927
TESUA:0,14.651944160,121.058441162,0.4402,0.6822,79.7873,29,31.25,4.59*230904135929
TESUA:0,14.651944160,121.058441162,0.4401,0.6822,79.8263,29,31.00,4.59*230904135931
TESUA:0,14.651944160,121.058441162,0.4400,0.6822,79.8543,29,31.00,4.59*230904135933
TESUA:0,14.651944160,121.058441162,0.4397,0.6821,79.8741,29,31.25,4.59*230904135935
TESUA:0,14.651944160,121.058441162,0.4395,0.6823,79.8934,29,31.25,4.59*230904135937
TESUA:0,14.651944160,121.058441162,0.4394,0.6824,79.9202,29,31.25,4.55*230904135939
TESUA:0,14.651944160,121.058441162,0.4391,0.6826,79.9292,29,31.25,4.58*230904135941
TESUA:0,14.651944160,121.058441162,0.4388,0.6828,79.9419,29,31.25,4.59*230904135943
TESUA:0,14.651944160,121.058441162,0.4385,0.6829,79.9629,29,31.25,4.59*230904135945
TESUA:0,14.651943207,121.058441162,0.4382,0.6832,79.9767,29,31.25,4.60*230904135947
TESUA:0,14.651943207,121.058441162,0.4378,0.6834,79.9912,29,31.25,4.58*230904135949
TESUA:0,14.651943207,121.058448792,0.4374,0.6835,80.0017,29,31.25,4.59*230904135951
TESUA:0,14.651943207,121.058448792,0.4369,0.6836,80.0091,29,31.25,4.58*230904135953
TESUA:0,14.651943207,121.058448792,0.4522,0.6873,80.0055,29,31.25,4.59*230904135955
TESUA:0,14.651943207,121.058441162,0.4561,0.6723,79.8955,29,31.25,4.60*230904135957
TESUA:0,14.651943207,121.058441162,0.4368,0.6392,79.7424,29,31.25,4.59*230904135959
TESUA:0,14.651943207,121.058441162,0.4195,0.6111,79.6207,29,31.25,4.59*230904140001
TESUA:0,14.651943207,121.058441162,0.4051,0.5886,79.5231,29,31.25,4.60*230904140003
TESUA:0,14.651943207,121.058441162,0.3936,0.5711,79.4131,29,31.25,4.43*230904140005
TESUA:0,14.651943207,121.058441162,0.3842,0.5572,79.3158,29,31.25,4.59*230904140007
TESUA:0,14.651943207,121.058441162,0.3763,0.5462,79.2511,29,31.25,4.59*230904140009
TESUA:0,14.651943207,121.058441162,0.3697,0.5374,79.1863,29,31.25,4.60*230904140011
TESUA:0,14.651943207,121.058441162,0.3641,0.5302,79.1347,29,31.25,4.58*230904140013
TESUA:0,14.651943207,121.058441162,0.3593,0.5244,79.0866,29,31.25,4.59*230904140015
TESUA:0,14.651943207,121.058441162,0.3550,0.5196,79.0296,29,31.25,4.60*230904140017
TESUA:0,14.651943207,121.058441162,0.3514,0.5157,78.9898,29,31.25,4.58*230904140019
TESUA:0,14.651943207,121.058441162,0.3484,0.5125,78.9323,29,31.25,4.59*230904140021
TESUA:0,14.651943207,121.058441162,0.3457,0.5099,78.8724,29,31.25,4.59*230904140023
TESUA:0,14.651943207,121.058441162,0.3432,0.5075,78.8209,29,31.25,4.59*230904140025
TESUA:0,14.651943207,121.058441162,0.3411,0.5056,78.7421,29,31.25,4.59*230904140027
TESUA:0,14.651943207,121.058441162,0.3393,0.5043,78.6611,29,31.25,4.58*230904140029
TESUA:0,14.651943207,121.058441162,0.3378,0.5031,78.5686,29,31.50,4.53*230904140031
TESUA:0,14.651943207,121.058441162,0.3364,0.5021,78.4550,29,31.50,4.60*230904140033
TESUA:0,14.651943207,121.058441162,0.3352,0.5013,78.3449,29,31.50,4.59*230904140035
TESUA:0,14.651943207,121.058441162,0.3342,0.5006,78.2394,29,31.50,4.59*230904140037
TESUA:0,14.651943207,121.058441162,0.3333,0.5000,78.1275,29,31.50,4.59*230904140039
TESUA:0,14.651943207,121.058441162,0.3324,0.5003,78.0294,29,31.50,4.59*230904140041
TESUA:0,14.651943207,121.058441162,0.3319,0.5013,77.9625,29,31.50,4.57*230904140043
TESUA:0,14.651943207,121.058433533,0.3313,0.5022,77.9063,29,31.50,4.59*230904140045
TESUA:0,14.651943207,121.058433533,0.3308,0.5028,77.8494,29,31.50,4.73*230904140047
TESUA:0,14.651943207,121.058433533,0.3303,0.5034,77.7707,29,31.50,4.58*230904140049
TESUA:0,14.651943207,121.058433533,0.3298,0.5038,77.7096,29,31.50,4.59*230904140051
TESUA:0,14.651943207,121.058433533,0.3294,0.5041,77.6415,29,31.50,4.59*230904140053
TESUA:0,14.651942253,121.058433533,0.3289,0.5042,77.5831,29,31.50,4.57*230904140055
TESUA:0,14.651942253,121.058433533,0.3286,0.5045,77.5335,29,31.50,4.59*230904140057
TESUA:0,14.651942253,121.058433533,0.3285,0.5049,77.4936,29,31.50,4.59*230904140059
TESUA:0,14.651942253,121.058433533,0.3282,0.5050,77.4503,29,31.50,4.60*230904140101
TESUA:0,14.651942253,121.058433533,0.3279,0.5051,77.4051,29,31.50,4.59*230904140103
TESUA:0,14.651942253,121.058433533,0.3278,0.5051,77.3619,29,31.50,4.57*230904140105
TESUA:0,14.651942253,121.058433533,0.3276,0.5050,77.3156,29,31.50,4.59*230904140107
TESUA:0,14.651942253,121.058433533,0.3273,0.5049,77.2813,29,31.50,4.58*230904140109
TESUA:0,14.651942253,121.058433533,0.3270,0.5047,77.2611,29,31.50,4.59*230904140111
TESUA:0,14.651942253,121.058433533,0.3268,0.5044,77.2468,29,31.75,4.62*230904140113
TESUA:0,14.651942253,121.058433533,0.3265,0.5042,77.2170,28,31.50,4.56*230904140115
TESUA:0,14.651942253,121.058433533,0.3265,0.5041,77.1945,28,31.50,4.59*230904140117
TESUA:0,14.651942253,121.058433533,0.3265,0.5039,77.1780,29,31.50,4.59*230904140119
TESUA:0,14.651942253,121.058433533,0.3264,0.5037,77.1645,29,31.50,4.59*230904140121
TESUA:0,14.651942253,121.058433533,0.3264,0.5035,77.1537,29,31.50,4.59*230904140123
TESUA:0,14.651942253,121.058433533,0.3264,0.5031,77.1398,29,31.50,4.57*230904140125
TESUA:0,14.651942253,121.058433533,0.3264,0.5029,77.1211,29,31.50,4.59*230904140127
TESUA:0,14.651942253,121.058433533,0.3264,0.5027,77.0948,29,31.75,4.60*230904140129
TESUA:0,14.651942253,121.058433533,0.3263,0.5026,77.0666,29,31.75,4.59*230904140131
TESUA:0,14.651942253,121.058433533,0.3263,0.5027,77.0316,29,31.75,4.58*230904140133
TESUA:0,14.651942253,121.058433533,0.3263,0.5026,77.0129,29,31.50,4.59*230904140135
TESUA:0,14.651942253,121.058433533,0.3263,0.5024,77.0074,28,31.75,4.58*230904140137
TESUA:0,14.651942253,121.058433533,0.3262,0.5022,77.0000,28,31.75,4.75*230904140139
TESUA:0,14.651942253,121.058433533,0.3261,0.5020,77.0045,28,31.75,4.60*230904140141
TESUA:0,14.651941299,121.058441162,0.3261,0.5018,77.0041,28,31.50,4.59*230904140143
TESUA:0,14.651941299,121.058441162,0.3260,0.5016,76.9860,28,31.75,4.60*230904140145
TESUA:0,14.651941299,121.058441162,0.3260,0.5012,76.9635,29,31.75,4.59*230904140147
TESUA:0,14.651941299,121.058441162,0.3259,0.5007,76.9383,29,31.75,4.59*230904140149
TESUA:0,14.651941299,121.058441162,0.3258,0.5003,76.9204,29,31.50,4.58*230904140151
TESUA:0,14.651941299,121.058441162,0.3257,0.5000,76.8973,29,31.50,4.59*230904140153
TESUA:0,14.651941299,121.058441162,0.3254,0.4994,76.8773,29,31.75,4.59*230904140155
TESUA:0,14.651941299,121.058441162,0.3253,0.4991,76.8612,29,31.75,4.60*230904140157
TESUA:0,14.651941299,121.058441162,0.3252,0.4986,76.8565,29,31.75,4.58*230904140159
TESUA:0,14.651941299,121.058441162,0.3252,0.4985,76.8541,29,31.75,4.58*230904140201
TESUA:0,14.651941299,121.058441162,0.3252,0.4984,76.8714,29,31.75,4.59*230904140203
TESUA:0,14.651941299,121.058441162,0.3252,0.4984,76.8899,29,31.75,4.59*230904140205
TESUA:0,14.651941299,121.058441162,0.3252,0.4984,76.9059,29,31.75,4.60*230904140207
TESUA:0,14.651940346,121.058441162,0.3252,0.4983,76.9251,29,31.75,4.59*230904140209
TESUA:0,14.651940346,121.058441162,0.3252,0.4982,76.9380,29,31.75,4.58*230904140211
TESUA:0,14.651940346,121.058441162,0.3251,0.4983,76.9348,29,31.75,4.60*230904140213
TESUA:0,14.651940346,121.058441162,0.3251,0.4983,76.9272,29,31.50,4.59*230904140215
TESUA:0,14.651940346,121.058441162,0.3249,0.4979,76.9192,30,31.75,4.60*230904140217
TESUA:0,14.651940346,121.058441162,0.3247,0.4976,76.9044,31,31.75,4.59*230904140219
TESUA:0,14.651940346,121.058441162,0.3247,0.4976,76.8832,31,31.75,4.58*230904140221
TESUA:0,14.651940346,121.058441162,0.3246,0.4975,76.8756,31,31.75,4.58*230904140223
TESUA:0,14.651940346,121.058441162,0.3245,0.4974,76.8653,31,31.75,4.59*230904140225
TESUA:0,14.651940346,121.058441162,0.3245,0.4973,76.8654,31,31.75,4.58*230904140227
TESUA:0,14.651940346,121.058441162,0.3246,0.4973,76.8766,30,31.75,4.59*230904140229
TESUA:0,14.651940346,121.058441162,0.3248,0.4973,76.8747,31,31.75,4.59*230904140231
TESUA:0,14.651940346,121.058441162,0.3249,0.4973,76.8602,31,31.75,4.58*230904140233
TESUA:0,14.651940346,121.058441162,0.3251,0.4974,76.8259,31,31.75,4.60*230904140235
TESUA:0,14.651940346,121.058441162,0.3251,0.4974,76.7802,31,31.75,4.61*230904140237
TESUA:0,14.651940346,121.058441162,0.3252,0.4975,76.7512,31,32.00,4.59*230904140239
TESUA:0,14.651940346,121.058441162,0.3253,0.4976,76.7235,31,32.00,4.63*230904140241
TESUA:0,14.651940346,121.058441162,0.3255,0.4977,76.6953,31,32.00,4.59*230904140243
TESUA:0,14.651940346,121.058441162,0.3257,0.4979,76.6680,30,31.75,4.59*230904140245
TESUA:0,14.651940346,121.058441162,0.3291,0.5056,76.6093,31,31.75,4.59*230904140247
TESUA:0,14.651940346,121.058441162,0.3359,0.5199,76.6504,31,31.75,4.59*230904140249
TESUA:0,14.651941299,121.058441162,0.3432,0.5335,76.6653,31,32.00,4.59*230904140251
TESUA:0,14.651942253,121.058441162,0.3502,0.5464,76.7149,31,32.00,4.59*230904140253
TESUA:0,14.651943207,121.058441162,0.3573,0.5592,76.7353,31,31.75,4.59*230904140255
TESUA:0,14.651945114,121.058441162,0.3639,0.5707,76.7443,31,31.75,4.58*230904140257
TESUA:0,14.651946068,121.058441162,0.3699,0.5804,76.6937,32,31.75,4.58*230904140259
TESUA:0,14.651947975,121.058448792,0.3751,0.5890,76.7388,32,32.00,4.58*230904140301
TESUA:0,14.651948929,121.058448792,0.3803,0.5967,76.7614,31,32.00,4.60*230904140303
TESUA:0,14.651952744,121.058448792,0.3824,0.5936,76.4670,31,31.75,4.59*230904140305
TESUA:0,14.651956558,121.058448792,0.3786,0.5805,76.4355,31,32.00,4.59*230904140307
TESUA:0,14.651959419,121.058448792,0.3726,0.5678,76.7204,32,32.00,4.58*230904140309
TESUA:0,14.651962280,121.058448792,0.3673,0.5571,77.0059,32,32.00,4.59*230904140311
TESUA:0,14.651965141,121.058448792,0.3628,0.5484,77.3035,32,32.00,4.60*230904140313
TESUA:0,14.651967049,121.058448792,0.3591,0.5413,77.6010,32,32.00,4.60*230904140315
TESUA:0,14.651968956,121.058448792,0.3560,0.5356,77.8844,31,32.00,4.59*230904140317
TESUA:0,14.651971817,121.058448792,0.3533,0.5308,78.1629,32,32.00,4.59*230904140319
TESUA:0,14.651973724,121.058448792,0.3511,0.5268,78.4448,32,32.00,4.59*230904140321
TESUA:0,14.651975632,121.058448792,0.3492,0.5236,78.7065,31,32.00,4.59*230904140323
TESUA:0,14.651976585,121.058448792,0.3477,0.5209,78.9406,32,32.00,4.59*230904140325
TESUA:0,14.651978493,121.058448792,0.3464,0.5187,79.1753,31,32.00,4.59*230904140327
TESUA:0,14.651980400,121.058448792,0.3452,0.5167,79.3895,32,32.00,4.57*230904140329
TESUA:0,14.651981354,121.058448792,0.3440,0.5148,79.5938,31,32.00,4.58*230904140331
TESUA:0,14.651983261,121.058448792,0.3430,0.5132,79.7902,32,32.00,4.57*230904140333
TESUA:0,14.651984215,121.058448792,0.3421,0.5116,79.9810,32,32.00,4.59*230904140335
TESUA:0,14.651986122,121.058448792,0.3414,0.5103,80.1784,32,32.00,4.60*230904140337
TESUA:0,14.651987076,121.058448792,0.3409,0.5093,80.3626,32,32.00,4.59*230904140339
TESUA:0,14.651988029,121.058448792,0.3404,0.5084,80.5442,32,32.00,4.63*230904140341
TESUA:0,14.651988983,121.058448792,0.3399,0.5074,80.7110,32,32.00,4.59*230904140343
TESUA:0,14.651989937,121.058448792,0.3394,0.5061,80.9038,32,32.00,4.58*230904140345
TESUA:0,14.651991844,121.058448792,0.3388,0.5041,81.1017,32,32.00,4.59*230904140347
TESUA:0,14.651992798,121.058448792,0.3382,0.5018,81.3015,32,32.00,4.59*230904140349
TESUA:0,14.651993752,121.058448792,0.3376,0.4999,81.4979,32,32.00,4.59*230904140351
TESUA:0,14.651994705,121.058448792,0.3372,0.4984,81.6784,32,32.00,4.59*230904140353
TESUA:0,14.651995659,121.058448792,0.3367,0.4970,81.8418,32,32.00,4.59*230904140355
TESUA:0,14.651995659,121.058448792,0.3362,0.4957,82.0058,32,32.00,4.60*230904140357
TESUA:0,14.651996613,121.058448792,0.3359,0.4946,82.1389,32,32.00,4.58*230904140359
TESUA:0,14.651997566,121.058448792,0.3356,0.4936,82.2695,32,32.00,4.56*230904140401
TESUA:0,14.651998520,121.058448792,0.3355,0.4929,82.3900,32,32.00,4.55*230904140403
TESUA:0,14.651998520,121.058448792,0.3353,0.4923,82.5097,32,32.00,4.57*230904140405
TESUA:0,14.651999474,121.058448792,0.3352,0.4918,82.6303,32,32.00,4.58*230904140407
TESUA:0,14.651999474,121.058448792,0.3351,0.4913,82.7507,32,32.00,4.58*230904140409
TESUA:0,14.652000427,121.058448792,0.3351,0.4909,82.8701,32,32.00,4.59*230904140411
TESUA:0,14.652000427,121.058448792,0.3349,0.4905,82.9820,32,32.00,4.58*230904140413
TESUA:0,14.652001381,121.058448792,0.3348,0.4901,83.0705,32,32.00,4.59*230904140415
TESUA:0,14.652001381,121.058448792,0.3348,0.4899,83.1238,32,32.00,4.59*230904140417
TESUA:0,14.652002335,121.058448792,0.3346,0.4896,83.2023,32,32.00,4.58*230904140419
TESUA:0,14.652002335,121.058448792,0.3346,0.4895,83.2624,32,32.00,4.59*230904140421
TESUA:0,14.652003288,121.058448792,0.3345,0.4895,83.3196,32,32.25,4.60*230904140423
TESUA:0,14.652003288,121.058448792,0.3347,0.4897,83.3655,32,32.00,4.58*230904140425
TESUA:0,14.652004242,121.058448792,0.3348,0.4898,83.3906,32,32.25,4.60*230904140427
TESUA:0,14.652004242,121.058448792,0.3350,0.4898,83.4100,32,32.00,4.59*230904140429
TESUA:0,14.652004242,121.058448792,0.3351,0.4897,83.4479,32,32.00,4.60*230904140431
TESUA:0,14.652005196,121.058448792,0.3352,0.4899,83.4810,32,32.00,4.68*230904140433
TESUA:0,14.652005196,121.058448792,0.3353,0.4902,83.5175,32,32.00,4.59*230904140435
TESUA:0,14.652005196,121.058448792,0.3354,0.4903,83.5533,32,32.00,4.59*230904140437
TESUA:0,14.652006149,121.058448792,0.3354,0.4902,83.5875,32,32.25,4.71*230904140439
TESUA:0,14.652006149,121.058448792,0.3353,0.4901,83.6391,32,32.00,4.59*230904140441
TESUA:0,14.652006149,121.058448792,0.3352,0.4899,83.6996,32,32.00,4.59*230904140443
TESUA:0,14.652007103,121.058448792,0.3351,0.4898,83.7394,32,32.00,4.60*230904140445
TESUA:0,14.652007103,121.058448792,0.3349,0.4894,83.7591,32,32.25,4.75*230904140447
TESUA:0,14.652007103,121.058448792,0.3347,0.4889,83.7708,32,32.00,4.59*230904140449
TESUA:0,14.652007103,121.058448792,0.3345,0.4886,83.7861,32,32.00,4.58*230904140451
TESUA:0,14.652007103,121.058448792,0.3344,0.4884,83.7901,32,32.00,4.59*230904140453
TESUA:0,14.652008057,121.058448792,0.3342,0.4882,83.7976,32,32.00,4.59*230904140455
TESUA:0,14.652008057,121.058448792,0.3342,0.4882,83.8067,32,32.00,4.59*230904140457
TESUA:0,14.652008057,121.058448792,0.3341,0.4881,83.7971,32,32.00,4.60*230904140459
TESUA:0,14.652008057,121.058448792,0.3340,0.4879,83.7900,32,32.00,4.58*230904140501
TESUA:0,14.652008057,121.058448792,0.3338,0.4879,83.7887,32,32.00,4.59*230904140503
TESUA:0,14.652008057,121.058448792,0.3338,0.4882,83.7789,31,32.00,4.60*230904140505
TESUA:0,14.652009010,121.058448792,0.3338,0.4887,83.7720,31,32.00,4.59*230904140507
TESUA:0,14.652009010,121.058448792,0.3338,0.4889,83.7624,31,32.25,4.59*230904140509
TESUA:0,14.652009010,121.058448792,0.3338,0.4890,83.7714,31,32.25,4.59*230904140511
TESUA:0,14.652009010,121.058448792,0.3336,0.4890,83.7789,31,32.00,4.59*230904140513
TESUA:0,14.652009010,121.058448792,0.3335,0.4890,83.7820,31,32.00,4.59*230904140515
TESUA:0,14.652009010,121.058448792,0.3334,0.4891,83.7828,31,32.25,4.60*230904140517
TESUA:0,14.652009010,121.058448792,0.3333,0.4891,83.7788,31,32.25,4.58*230904140519
TESUA:0,14.652009010,121.058448792,0.3332,0.4892,83.7799,31,32.00,4.59*230904140521
TESUA:0,14.652009010,121.058448792,0.3330,0.4892,83.7747,31,32.25,4.59*230904140523
TESUA:0,14.652009010,121.058448792,0.3328,0.4892,83.7804,31,32.25,4.59*230904140525
TESUA:0,14.652009010,121.058448792,0.3325,0.4892,83.7731,31,32.00,4.59*230904140527
TESUA:0,14.652009010,121.058448792,0.3321,0.4891,83.7684,31,32.25,4.59*230904140529
TESUA:0,14.652009010,121.058448792,0.3317,0.4890,83.7583,31,32.25,4.59*230904140531
TESUA:0,14.652009010,121.058448792,0.3313,0.4890,83.7584,31,32.25,4.58*230904140533
TESUA:0,14.652009010,121.058448792,0.3310,0.4892,83.7467,31,32.00,4.60*230904140535
TESUA:0,14.652009010,121.058448792,0.3307,0.4893,83.7300,31,32.25,4.59*230904140537
TESUA:0,14.652009010,121.058448792,0.3304,0.4893,83.7134,31,32.00,4.57*230904140539
TESUA:0,14.652009010,121.058448792,0.3301,0.4892,83.7091,31,32.25,4.59*230904140541
TESUA:0,14.652009010,121.058448792,0.3299,0.4892,83.6956,31,32.00,4.57*230904140543
TESUA:0,14.652009010,121.058448792,0.3298,0.4893,83.6834,31,32.25,4.59*230904140545
TESUA:0,14.652009010,121.058448792,0.3297,0.4893,83.6648,31,32.00,4.59*230904140547
TESUA:0,14.652009010,121.058448792,0.3294,0.4893,83.6425,31,32.25,4.59*230904140549
TESUA:0,14.652009010,121.058448792,0.3292,0.4895,83.6205,31,32.25,4.60*230904140551
TESUA:0,14.652009010,121.058448792,0.3291,0.4897,83.6005,31,32.25,4.59*230904140553
TESUA:0,14.652009010,121.058448792,0.3289,0.4901,83.5847,31,32.25,4.58*230904140555
TESUA:0,14.652009010,121.058448792,0.3288,0.4904,83.5898,31,32.00,4.59*230904140557
TESUA:0,14.652009010,121.058448792,0.3287,0.4906,83.5918,31,32.00,4.59*230904140559
TESUA:0,14.652009010,121.058441162,0.3285,0.4907,83.5496,31,32.25,4.59*230904140601
TESUA:0,14.652009010,121.058441162,0.3283,0.4908,83.5102,31,32.25,4.59*230904140603
TESUA:0,14.652009010,121.058441162,0.3282,0.4909,83.4723,31,32.25,4.59*230904140605
TESUA:0,14.652009010,121.058441162,0.3279,0.4909,83.4600,31,32.25,4.59*230904140607
TESUA:0,14.652009010,121.058441162,0.3277,0.4909,83.4567,31,32.25,4.60*230904140609
TESUA:0,14.652009010,121.058441162,0.3274,0.4909,83.4456,31,32.25,4.60*230904140611
TESUA:0,14.652009010,121.058441162,0.3272,0.4911,83.4153,31,32.25,4.58*230904140613
TESUA:0,14.652009010,121.058441162,0.3270,0.4911,83.3966,31,32.25,4.59*230904140615
TESUA:0,14.652009010,121.058441162,0.3267,0.4913,83.3718,31,32.25,4.60*230904140617
TESUA:0,14.652009010,121.058441162,0.3265,0.4914,83.3494,31,32.25,4.60*230904140619
TESUA:0,14.652009010,121.058441162,0.3263,0.4915,83.3364,31,32.25,4.59*230904140621
TESUA:0,14.652009010,121.058441162,0.3261,0.4914,83.3113,31,32.25,4.59*230904140623
TESUA:0,14.652009010,121.058441162,0.3260,0.4912,83.2810,31,32.25,4.58*230904140625
TESUA:0,14.652009010,121.058441162,0.3257,0.4909,83.2587,31,32.25,4.59*230904140627
TESUA:0,14.652009010,121.058441162,0.3254,0.4907,83.2277,31,32.25,4.59*230904140629
TESUA:0,14.652009010,121.058441162,0.3252,0.4905,83.1878,31,32.25,4.59*230904140631
TESUA:0,14.652009010,121.058441162,0.3251,0.4904,83.1306,31,32.25,4.59*230904140633
TESUA:0,14.652009010,121.058441162,0.3250,0.4904,83.0816,31,32.25,4.58*230904140635
TESUA:0,14.652009010,121.058441162,0.3247,0.4901,83.0359,31,32.25,4.60*230904140637
TESUA:0,14.652009010,121.058441162,0.3244,0.4898,83.0035,31,32.25,4.59*230904140639
TESUA:0,14.652009010,121.058441162,0.3241,0.4895,82.9697,31,32.25,4.60*230904140641
TESUA:0,14.652009010,121.058441162,0.3238,0.4893,82.9303,31,32.25,4.60*230904140643
TESUA:0,14.652009010,121.058441162,0.3236,0.4891,82.8972,31,32.25,4.59*230904140645
TESUA:0,14.652009010,121.058441162,0.3234,0.4891,82.8681,31,32.25,4.59*230904140647
TESUA:0,14.652009010,121.058441162,0.3232,0.4891,82.8447,31,32.50,4.58*230904140649
TESUA:0,14.652009010,121.058441162,0.3230,0.4889,82.8093,31,32.50,4.59*230904140651
TESUA:0,14.652009010,121.058441162,0.3229,0.4888,82.7629,31,32.25,4.59*230904140653
TESUA:0,14.652009010,121.058441162,0.3229,0.4888,82.7217,31,32.25,4.59*230904140655
TESUA:0,14.652009010,121.058441162,0.3229,0.4888,82.6867,31,32.50,4.59*230904140657
TESUA:0,14.652009010,121.058433533,0.3229,0.4886,82.6573,31,32.50,4.56*230904140659
TESUA:0,14.652009010,121.058441162,0.3229,0.4884,82.6410,31,32.25,4.59*230904140701
TESUA:0,14.652009010,121.058441162,0.3230,0.4884,82.6349,31,32.50,4.59*230904140703
TESUA:0,14.652009010,121.058441162,0.3230,0.4880,82.6601,31,32.50,4.59*230904140705
TESUA:0,14.652009010,121.058441162,0.3229,0.4878,82.7066,31,32.50,4.66*230904140707
TESUA:0,14.652009010,121.058441162,0.3230,0.4876,82.7543,31,32.50,4.60*230904140709
TESUA:0,14.652009010,121.058441162,0.3247,0.4884,82.7430,31,32.25,4.59*230904140711
TESUA:0,14.652009010,121.058441162,0.3269,0.4898,82.6867,31,32.50,4.59*230904140713
TESUA:0,14.652009010,121.058441162,0.3290,0.4910,82.6260,31,32.50,4.59*230904140715
TESUA:0,14.652009010,121.058441162,0.3308,0.4919,82.5696,31,32.25,4.60*230904140717
TESUA:0,14.652009010,121.058441162,0.3323,0.4923,82.5061,31,32.50,4.59*230904140719
TESUA:0,14.652008057,121.058441162,0.3337,0.4927,82.4243,31,32.50,4.57*230904140721
TESUA:0,14.652008057,121.058441162,0.3351,0.4933,82.3358,31,32.50,4.59*230904140723
TESUA:0,14.652008057,121.058441162,0.3363,0.4938,82.2589,31,32.25,4.58*230904140725
TESUA:0,14.652008057,121.058448792,0.3375,0.4943,82.2019,31,32.50,4.60*230904140727
TESUA:0,14.652008057,121.058448792,0.3385,0.4949,82.1543,31,32.50,4.60*230904140729
TESUA:0,14.652008057,121.058448792,0.3394,0.4953,82.1044,31,32.50,4.59*230904140731
TESUA:0,14.652008057,121.058448792,0.3402,0.4957,82.0649,32,32.25,4.60*230904140733
TESUA:0,14.652008057,121.058448792,0.3409,0.4959,82.0140,31,32.50,4.59*230904140735
TESUA:0,14.652008057,121.058448792,0.3415,0.4959,81.9696,31,32.25,4.59*230904140737
TESUA:0,14.652008057,121.058448792,0.3420,0.4962,81.9287,31,32.50,4.60*230904140739
TESUA:0,14.652008057,121.058448792,0.3426,0.4965,81.8935,31,32.50,4.59*230904140741
TESUA:0,14.652008057,121.058456421,0.3431,0.4968,81.8310,31,32.50,4.66*230904140743
TESUA:0,14.652008057,121.058456421,0.3436,0.4970,81.7714,31,32.25,4.59*230904140745
TESUA:0,14.652007103,121.058456421,0.3441,0.4973,81.7037,31,32.50,4.59*230904140747
TESUA:0,14.652007103,121.058456421,0.3445,0.4975,81.6501,31,32.50,4.59*230904140749
TESUA:0,14.652007103,121.058456421,0.3450,0.4978,81.6273,31,32.50,4.59*230904140751
TESUA:0,14.652007103,121.058456421,0.3453,0.4980,81.5955,32,32.50,4.59*230904140753
TESUA:0,14.652007103,121.058456421,0.3457,0.4983,81.5425,32,32.50,4.59*230904140755
TESUA:0,14.652007103,121.058456421,0.3462,0.4985,81.4862,31,32.50,4.59*230904140757
TESUA:0,14.652007103,121.058456421,0.3466,0.4988,81.4225,31,32.50,4.58*230904140759
TESUA:0,14.652007103,121.058456421,0.3470,0.4990,81.3685,31,32.50,4.58*230904140801
TESUA:0,14.652007103,121.058456421,0.3473,0.4991,81.3025,31,32.25,4.58*230904140803
TESUA:0,14.652007103,121.058464050,0.3477,0.4992,81.2420,31,32.25,4.60*230904140805
TESUA:0,14.652007103,121.058464050,0.3480,0.4994,81.1825,31,32.25,4.60*230904140807
TESUA:0,14.652007103,121.058464050,0.3483,0.4996,81.1369,31,32.50,4.64*230904140809
TESUA:0,14.652006149,121.058464050,0.3485,0.4998,81.0906,31,32.50,4.57*230904140811
TESUA:0,14.652006149,121.058464050,0.3488,0.5000,81.0540,31,32.50,4.59*230904140813
TESUA:0,14.652006149,121.058464050,0.3490,0.5004,81.0073,31,32.50,4.60*230904140815
TESUA:0,14.652006149,121.058464050,0.3494,0.5009,80.9516,31,32.50,4.62*230904140817
TESUA:0,14.652006149,121.058464050,0.3497,0.5014,80.8969,31,32.50,4.59*230904140819
TESUA:0,14.652006149,121.058464050,0.3500,0.5018,80.8579,31,32.50,4.58*230904140821
TESUA:0,14.652006149,121.058464050,0.3503,0.5023,80.8288,31,32.50,4.59*230904140823
TESUA:0,14.652006149,121.058464050,0.3507,0.5029,80.8112,31,32.50,4.59*230904140825
TESUA:0,14.652006149,121.058464050,0.3509,0.5037,80.7813,31,32.50,4.59*230904140827
TESUA:0,14.652005196,121.058464050,0.3507,0.5040,80.7459,31,32.50,4.59*230904140829
TESUA:0,14.652005196,121.058464050,0.3502,0.5041,80.7282,31,32.50,4.59*230904140831
TESUA:0,14.652005196,121.058471680,0.3498,0.5042,80.7311,31,32.50,4.59*230904140833
TESUA:0,14.652005196,121.058471680,0.3497,0.5042,80.7116,30,32.50,4.60*230904140835
TESUA:0,14.652005196,121.058471680,0.3496,0.5041,80.6951,31,32.50,4.60*230904140837
TESUA:0,14.652004242,121.058471680,0.3495,0.5041,80.6602,31,32.50,4.59*230904140839
TESUA:0,14.652004242,121.058471680,0.3492,0.5039,80.6181,30,32.50,4.60*230904140841
TESUA:0,14.652004242,121.058471680,0.3489,0.5036,80.6038,30,32.50,4.59*230904140843
TESUA:0,14.652004242,121.058471680,0.3517,0.5105,80.5169,30,32.50,4.59*230904140845
TESUA:0,14.652004242,121.058471680,0.3571,0.5218,80.3631,30,32.50,4.62*230904140847
TESUA:0,14.652004242,121.058471680,0.3626,0.5326,80.2075,30,32.50,4.59*230904140849
TESUA:0,14.652003288,121.058471680,0.3680,0.5429,80.0655,30,32.50,4.58*230904140851
TESUA:0,14.652003288,121.058471680,0.3733,0.5526,79.9222,31,32.50,4.55*230904140853
TESUA:0,14.652003288,121.058471680,0.3783,0.5618,79.7833,31,32.50,4.58*230904140855
TESUA:0,14.652003288,121.058471680,0.3831,0.5705,79.6454,31,32.50,4.59*230904140857
TESUA:0,14.652003288,121.058471680,0.3877,0.5787,79.5091,31,32.50,4.58*230904140859
TESUA:0,14.652003288,121.058471680,0.3921,0.5867,79.3661,31,32.50,4.59*230904140901
TESUA:0,14.652003288,121.058471680,0.3964,0.5945,79.2282,31,32.50,4.58*230904140903
TESUA:0,14.652003288,121.058471680,0.4005,0.6018,79.0911,31,32.50,4.60*230904140905
TESUA:0,14.652003288,121.058471680,0.4044,0.6088,78.9493,31,32.50,4.60*230904140907
TESUA:0,14.652002335,121.058471680,0.4082,0.6158,78.8134,31,32.50,4.59*230904140909
TESUA:0,14.652002335,121.058471680,0.4119,0.6224,78.6847,31,32.50,4.59*230904140911
TESUA:0,14.652002335,121.058471680,0.4153,0.6287,78.5469,31,32.50,4.59*230904140913
TESUA:0,14.652002335,121.058471680,0.4187,0.6349,78.4136,31,32.50,4.58*230904140915
TESUA:0,14.652002335,121.058479309,0.4218,0.6409,78.2782,31,32.50,4.58*230904140917
TESUA:0,14.652002335,121.058479309,0.4248,0.6465,78.1493,31,32.50,4.59*230904140919
TESUA:0,14.652002335,121.058479309,0.4276,0.6519,78.0221,31,32.50,4.63*230904140921
TESUA:0,14.652002335,121.058479309,0.4304,0.6572,77.9008,31,32.75,4.60*230904140923
TESUA:0,14.652002335,121.058479309,0.4331,0.6622,77.7737,31,32.50,4.58*230904140925
TESUA:0,14.652002335,121.058479309,0.4358,0.6670,77.6606,31,32.50,4.59*230904140927
TESUA:0,14.652002335,121.058479309,0.4382,0.6715,77.5400,31,32.75,4.59*230904140929
TESUA:0,14.652002335,121.058479309,0.4406,0.6758,77.4319,31,32.50,4.75*230904140931
TESUA:0,14.652002335,121.058479309,0.4428,0.6799,77.3158,31,32.50,4.60*230904140933
TESUA:0,14.652002335,121.058479309,0.4450,0.6839,77.2182,31,32.75,4.59*230904140935
TESUA:0,14.652002335,121.058479309,0.4468,0.6876,77.1246,31,32.75,4.58*230904140937
TESUA:0,14.652002335,121.058479309,0.4484,0.6909,77.0300,31,32.75,4.59*230904140939
TESUA:0,14.652002335,121.058479309,0.4499,0.6941,76.9329,31,32.75,4.58*230904140941
TESUA:0,14.652003288,121.058479309,0.4515,0.6974,76.8456,31,32.50,4.59*230904140943
TESUA:0,14.652003288,121.058479309,0.4529,0.7003,76.7638,32,32.50,4.59*230904140945
TESUA:0,14.652002335,121.058479309,0.4501,0.6970,76.7598,32,32.75,4.59*230904140947
TESUA:0,14.652001381,121.058479309,0.4274,0.6516,77.3075,32,32.75,4.58*230904140949
TESUA:0,14.652001381,121.058479309,0.4133,0.6199,77.6238,32,32.75,4.55*230904140951
TESUA:0,14.652000427,121.058479309,0.4022,0.5963,77.8403,32,32.75,4.57*230904140953
TESUA:0,14.652000427,121.058479309,0.3930,0.5781,78.0188,32,32.75,4.59*230904140955
TESUA:0,14.652000427,121.058479309,0.3855,0.5639,78.1546,31,32.75,4.59*230904140957
TESUA:0,14.652000427,121.058479309,0.3791,0.5526,78.2782,32,32.75,4.57*230904140959
TESUA:0,14.651999474,121.058479309,0.3740,0.5436,78.4000,31,32.75,4.58*230904141001
TESUA:0,14.651999474,121.058479309,0.3697,0.5364,78.4958,31,32.75,4.59*230904141003
TESUA:0,14.651999474,121.058479309,0.3658,0.5306,78.5727,31,32.75,4.59*230904141005
TESUA:0,14.651999474,121.058479309,0.3625,0.5260,78.6791,31,32.75,4.59*230904141007
TESUA:0,14.651999474,121.058479309,0.3597,0.5225,78.7699,31,32.75,4.59*230904141009
TESUA:0,14.651999474,121.058479309,0.3573,0.5199,78.8686,31,32.75,4.60*230904141011
TESUA:0,14.651999474,121.058479309,0.3554,0.5178,78.9711,31,32.75,4.59*230904141013
TESUA:0,14.651999474,121.058479309,0.3536,0.5157,79.0400,31,32.75,4.59*230904141015
TESUA:0,14.651999474,121.058479309,0.3521,0.5139,79.1197,31,32.75,4.59*230904141017
TESUA:0,14.651998520,121.058479309,0.3505,0.5123,79.2035,32,32.75,4.59*230904141019
TESUA:0,14.651998520,121.058479309,0.3492,0.5114,79.2616,32,32.75,4.60*230904141021
TESUA:0,14.651998520,121.058479309,0.3482,0.5105,79.3148,32,32.75,4.59*230904141023
TESUA:0,14.651998520,121.058479309,0.3473,0.5099,79.3682,32,32.75,4.58*230904141025
TESUA:0,14.651998520,121.058479309,0.3462,0.5091,79.4046,32,32.75,4.59*230904141027
TESUA:0,14.651998520,121.058479309,0.3452,0.5083,79.4324,32,32.75,4.59*230904141029
TESUA:0,14.651998520,121.058479309,0.3444,0.5077,79.4704,32,32.75,4.58*230904141031
TESUA:0,14.651998520,121.058479309,0.3427,0.5068,79.3695,32,32.75,4.58*230904141033
TESUA:0,14.651998520,121.058479309,0.3393,0.5052,79.1644,32,32.75,4.56*230904141035
TESUA:0,14.651998520,121.058479309,0.3365,0.5040,78.9912,32,32.75,4.59*230904141037
TESUA:0,14.651998520,121.058486938,0.3341,0.5028,78.8293,32,32.75,4.58*230904141039
TESUA:0,14.651997566,121.058486938,0.3321,0.5020,78.6805,32,32.75,4.58*230904141041
TESUA:0,14.651997566,121.058486938,0.3304,0.5014,78.5344,32,32.75,4.59*230904141043
TESUA:0,14.651997566,121.058486938,0.3291,0.5011,78.4057,32,32.75,4.59*230904141045
TESUA:0,14.651997566,121.058486938,0.3279,0.5004,78.3011,32,32.75,4.60*230904141047
TESUA:0,14.651997566,121.058486938,0.3268,0.4998,78.1972,32,32.75,4.59*230904141049
TESUA:0,14.651996613,121.058486938,0.3260,0.4994,78.0905,32,32.75,4.59*230904141051
TESUA:0,14.651996613,121.058486938,0.3252,0.4987,77.9970,32,32.75,4.59*230904141053
TESUA:0,14.651996613,121.058494568,0.3245,0.4983,77.9132,32,32.75,4.60*230904141055
TESUA:0,14.651996613,121.058494568,0.3239,0.4980,77.8322,32,32.75,4.70*230904141057
TESUA:0,14.651996613,121.058494568,0.3235,0.4978,77.7539,32,32.50,4.58*230904141059
TESUA:0,14.651996613,121.058494568,0.3232,0.4977,77.6683,32,32.50,4.62*230904141101
TESUA:0,14.651995659,121.058494568,0.3234,0.4982,77.5948,32,32.50,4.59*230904141103
TESUA:0,14.651995659,121.058494568,0.3233,0.4983,77.5378,32,32.75,4.58*230904141105
TESUA:0,14.651995659,121.058494568,0.3287,0.5038,77.5360,32,32.50,4.59*230904141107
TESUA:0,14.651995659,121.058494568,0.3282,0.5033,77.4460,32,32.50,4.59*230904141109
TESUA:0,14.651995659,121.058494568,0.3300,0.5050,77.3700,32,32.50,4.58*230904141111
TESUA:0,14.651995659,121.058494568,0.3319,0.5098,77.3403,31,32.50,4.59*230904141113
TESUA:0,14.651995659,121.058494568,0.3313,0.5097,77.2573,31,32.50,4.59*230904141115
TESUA:0,14.651995659,121.058494568,0.3301,0.5077,77.1767,32,32.50,4.59*230904141117
TESUA:0,14.651995659,121.058494568,0.3292,0.5065,77.1038,32,32.50,4.70*230904141119
TESUA:0,14.651994705,121.058494568,0.3280,0.5049,77.0328,32,32.25,4.59*230904141121
TESUA:0,14.651994705,121.058494568,0.3269,0.5035,76.9433,32,32.25,4.58*230904141123
TESUA:0,14.651994705,121.058494568,0.3264,0.5030,76.8443,32,32.25,4.59*230904141125
TESUA:0,14.651994705,121.058494568,0.3258,0.5024,76.7598,32,32.25,4.59*230904141127
TESUA:0,14.651994705,121.058494568,0.3252,0.5015,76.6845,32,32.25,4.58*230904141129
TESUA:0,14.651994705,121.058494568,0.3246,0.5006,76.6164,32,32.25,4.59*230904141131
TESUA:0,14.651994705,121.058486938,0.3240,0.4995,76.5535,32,32.25,4.59*230904141133
TESUA:0,14.651993752,121.058494568,0.3288,0.5037,76.5862,32,32.25,4.59*230904141135
TESUA:0,14.651993752,121.058494568,0.3278,0.5021,76.5229,32,32.25,4.58*230904141137
TESUA:0,14.651992798,121.058494568,0.3329,0.5074,76.4753,32,32.25,4.59*230904141139
TESUA:0,14.651992798,121.058494568,0.3312,0.5052,76.3926,32,32.25,4.59*230904141141
TESUA:0,14.651992798,121.058494568,0.3298,0.5037,76.3272,32,32.25,4.59*230904141143
TESUA:0,14.651992798,121.058494568,0.3286,0.5023,76.2709,32,32.25,4.59*230904141145
TESUA:0,14.651992798,121.058494568,0.3276,0.5009,76.2153,32,32.25,4.59*230904141147
TESUA:0,14.651992798,121.058494568,0.3267,0.4997,76.1728,32,32.25,4.59*230904141149
TESUA:0,14.651992798,121.058494568,0.3258,0.4986,76.1434,32,32.00,4.59*230904141151
TESUA:0,14.651992798,121.058494568,0.3249,0.4975,76.1163,32,32.25,4.59*230904141153
TESUA:0,14.651992798,121.058494568,0.3242,0.4969,76.0915,32,32.25,4.59*230904141155
TESUA:0,14.651992798,121.058494568,0.3236,0.4960,76.0734,32,32.25,4.58*230904141157
TESUA:0,14.651992798,121.058494568,0.3230,0.4953,76.0303,32,32.00,4.60*230904141159
TESUA:0,14.651992798,121.058494568,0.3252,0.4974,75.9770,32,32.00,4.59*230904141201
TESUA:0,14.651992798,121.058486938,0.3248,0.4974,75.9358,32,32.25,4.58*230904141203
TESUA:0,14.651992798,121.058486938,0.3244,0.4970,75.8922,32,32.00,4.59*230904141205
TESUA:0,14.651992798,121.058486938,0.3240,0.4966,75.8448,32,32.25,4.59*230904141207
TESUA:0,14.651992798,121.058486938,0.3237,0.4962,75.7924,32,32.00,4.60*230904141209
TESUA:0,14.651991844,121.058486938,0.3233,0.4956,75.7543,32,32.25,4.58*230904141211
TESUA:0,14.651991844,121.058486938,0.3231,0.4951,75.7121,32,32.25,4.57*230904141213
TESUA:0,14.651991844,121.058486938,0.3228,0.4950,75.6608,32,32.00,4.60*230904141215
TESUA:0,14.651991844,121.058486938,0.3225,0.4944,75.6131,32,32.25,4.60*230904141217
TESUA:0,14.651991844,121.058486938,0.3223,0.4940,75.5787,32,32.00,4.57*230904141219
TESUA:0,14.651991844,121.058486938,0.3222,0.4937,75.5498,32,32.00,4.59*230904141221
TESUA:0,14.651991844,121.058486938,0.3218,0.4934,75.5090,32,32.00,4.60*230904141223
TESUA:0,14.651991844,121.058486938,0.3214,0.4929,75.4682,32,32.00,4.57*230904141225
TESUA:0,14.651991844,121.058486938,0.3211,0.4924,75.4404,32,32.00,4.58*230904141227
TESUA:0,14.651991844,121.058486938,0.3208,0.4922,75.4136,32,32.00,4.59*230904141229
TESUA:0,14.651991844,121.058486938,0.3206,0.4920,75.3815,32,32.00,4.59*230904141231
TESUA:0,14.651991844,121.058486938,0.3206,0.4922,75.3539,32,31.75,4.59*230904141233
TESUA:0,14.651991844,121.058486938,0.3207,0.4927,75.3510,32,32.00,4.59*230904141235
TESUA:0,14.651991844,121.058486938,0.3202,0.4920,75.3338,32,31.75,4.59*230904141237
TESUA:0,14.651991844,121.058494568,0.3200,0.4918,75.3351,32,31.75,4.59*230904141239
TESUA:0,14.651991844,121.058494568,0.3197,0.4916,75.3201,32,31.75,4.58*230904141241
TESUA:0,14.651991844,121.058494568,0.3194,0.4913,75.2944,32,31.75,4.59*230904141243
TESUA:0,14.651991844,121.058494568,0.3191,0.4913,75.2686,32,31.75,4.73*230904141245
TESUA:0,14.651991844,121.058494568,0.3191,0.4919,75.2484,32,31.75,4.59*230904141247
TESUA:0,14.651991844,121.058494568,0.3190,0.4924,75.2415,32,31.75,4.58*230904141249
TESUA:0,14.651991844,121.058494568,0.3190,0.4928,75.2512,32,31.75,4.59*230904141251
TESUA:0,14.651991844,121.058494568,0.3191,0.4933,75.2296,32,31.75,4.59*230904141253
TESUA:0,14.651991844,121.058494568,0.3193,0.4935,75.2148,32,31.75,4.59*230904141255
TESUA:0,14.651991844,121.058494568,0.3192,0.4935,75.2230,32,31.75,4.59*230904141257
TESUA:0,14.651991844,121.058494568,0.3192,0.4936,75.2401,32,31.75,4.59*230904141259
TESUA:0,14.651991844,121.058494568,0.3193,0.4938,75.2511,32,31.75,4.55*230904141301
TESUA:0,14.651990891,121.058494568,0.3192,0.4939,75.2638,32,31.75,4.59*230904141303
TESUA:0,14.651990891,121.058494568,0.3190,0.4939,75.2705,32,31.75,4.59*230904141305
TESUA:0,14.651990891,121.058494568,0.3188,0.4937,75.2803,32,31.75,4.59*230904141307
TESUA:0,14.651990891,121.058494568,0.3187,0.4937,75.2741,32,31.75,4.59*230904141309
TESUA:0,14.651990891,121.058494568,0.3187,0.4936,75.2768,32,31.75,4.59*230904141311
TESUA:0,14.651990891,121.058494568,0.3186,0.4935,75.2926,32,31.75,4.51*230904141313
TESUA:0,14.651990891,121.058494568,0.3185,0.4934,75.2928,32,31.75,4.58*230904141315
TESUA:0,14.651990891,121.058494568,0.3185,0.4934,75.2968,32,31.75,4.59*230904141317
TESUA:0,14.651990891,121.058494568,0.3183,0.4932,75.3132,32,31.75,4.58*230904141319
TESUA:0,14.651989937,121.058494568,0.3183,0.4933,75.3230,32,31.50,4.60*230904141321
TESUA:0,14.651989937,121.058494568,0.3183,0.4934,75.3380,32,31.75,4.59*230904141323
TESUA:0,14.651989937,121.058494568,0.3183,0.4934,75.3387,32,31.75,4.62*230904141325
TESUA:0,14.651989937,121.058494568,0.3182,0.4936,75.3232,32,31.75,4.58*230904141327
TESUA:0,14.651989937,121.058494568,0.3182,0.4936,75.3351,32,31.75,4.60*230904141329
TESUA:0,14.651989937,121.058494568,0.3183,0.4935,75.3494,32,31.75,4.59*230904141331
TESUA:0,14.651989937,121.058494568,0.3186,0.4937,75.3642,32,31.75,4.59*230904141333
TESUA:0,14.651989937,121.058494568,0.3191,0.4941,75.3651,32,31.75,4.60*230904141335
TESUA:0,14.651989937,121.058494568,0.3195,0.4946,75.3527,32,31.75,4.59*230904141337
TESUA:0,14.651989937,121.058502197,0.3196,0.4942,75.3631,32,31.75,4.59*230904141339
TESUA:0,14.651989937,121.058502197,0.3197,0.4937,75.3565,32,31.75,4.59*230904141341
TESUA:0,14.651989937,121.058502197,0.3233,0.4998,75.3427,32,31.75,4.59*230904141343
TESUA:0,14.651989937,121.058502197,0.3305,0.5124,75.3434,32,31.75,4.58*230904141345
